-- phpMyAdmin SQL Dump
-- version 3.5.5
-- http://www.phpmyadmin.net
--
-- Host: 127.0.0.1
-- Generation Time: Mar 22, 2013 at 02:12 PM
-- Server version: 5.5.29
-- PHP Version: 5.3.15

SET SQL_MODE="NO_AUTO_VALUE_ON_ZERO";
SET time_zone = "+00:00";


/*!40101 SET @OLD_CHARACTER_SET_CLIENT=@@CHARACTER_SET_CLIENT */;
/*!40101 SET @OLD_CHARACTER_SET_RESULTS=@@CHARACTER_SET_RESULTS */;
/*!40101 SET @OLD_COLLATION_CONNECTION=@@COLLATION_CONNECTION */;
/*!40101 SET NAMES utf8 */;

--
-- Database: `zen`
--

-- --------------------------------------------------------

--
-- Table structure for table `categories`
--

CREATE TABLE IF NOT EXISTS `categories` (
  `id` int(10) unsigned NOT NULL AUTO_INCREMENT,
  `name` varchar(60) DEFAULT NULL,
  PRIMARY KEY (`id`)
) ENGINE=InnoDB  DEFAULT CHARSET=latin1 AUTO_INCREMENT=15 ;

--
-- Dumping data for table `categories`
--

INSERT INTO `categories` (`id`, `name`) VALUES
(1, 'Arris'),
(3, 'Cisco'),
(7, 'D-Link'),
(8, 'Dell'),
(9, 'Motorola'),
(10, 'Netgear'),
(11, 'Apple'),
(12, 'SMC'),
(13, 'BelAir'),
(14, 'Linksys');

-- --------------------------------------------------------

--
-- Table structure for table `checkouts`
--

CREATE TABLE IF NOT EXISTS `checkouts` (
  `id` int(11) unsigned NOT NULL AUTO_INCREMENT,
  `product_id` int(11) DEFAULT NULL,
  `start_time` datetime DEFAULT NULL,
  `end_time` datetime DEFAULT NULL,
  `user_id` int(11) DEFAULT NULL,
  `description` text,
  `created` datetime NOT NULL,
  `updated` datetime NOT NULL,
  PRIMARY KEY (`id`)
) ENGINE=InnoDB  DEFAULT CHARSET=latin1 AUTO_INCREMENT=21 ;

--
-- Dumping data for table `checkouts`
--

INSERT INTO `checkouts` (`id`, `product_id`, `start_time`, `end_time`, `user_id`, `description`, `created`, `updated`) VALUES
(1, 1, '2013-02-20 14:01:00', '2013-02-21 14:01:00', 1, 'test', '2013-02-20 14:02:02', '2013-02-20 14:03:13'),
(2, 6, '2013-02-20 15:48:00', '2013-02-21 15:48:00', 1, '', '2013-02-20 15:48:18', '2013-02-20 15:48:18'),
(3, 7, '2013-02-22 16:34:00', '2013-02-23 16:34:00', 1, '', '2013-02-22 16:35:13', '2013-02-22 16:35:13'),
(4, 6, '2013-02-26 11:00:00', '2013-02-26 11:00:00', 1, '', '2013-02-26 11:00:23', '2013-02-26 11:00:23'),
(5, NULL, '2013-02-26 11:46:00', '2013-02-26 11:46:00', 1, '', '2013-02-26 11:46:40', '2013-02-26 11:46:40'),
(6, 5, '2013-03-04 11:02:00', '2013-03-04 11:02:00', 2, '', '2013-03-04 11:02:59', '2013-03-04 11:02:59'),
(7, 13, '2013-03-04 11:03:00', '2013-03-04 11:03:00', 1, '', '2013-03-04 11:03:24', '2013-03-04 11:03:24'),
(8, 13, '2013-03-04 11:03:00', '2013-03-04 11:03:00', 1, '', '2013-03-04 11:03:24', '2013-03-04 11:03:24'),
(9, 11, '2013-03-04 11:06:00', '2013-03-12 11:06:00', 1, '', '2013-03-04 11:06:43', '2013-03-04 11:06:43'),
(10, 90, '2013-03-14 16:20:00', '2033-03-14 16:20:00', 3, 'For Team', '2013-03-14 16:20:55', '2013-03-14 16:20:55'),
(11, 109, '2013-03-14 16:21:00', '2033-03-14 16:21:00', 3, 'For Team', '2013-03-14 16:21:40', '2013-03-14 16:22:48'),
(12, 108, '2013-03-14 16:22:00', '2033-03-14 16:22:00', 3, 'For Team', '2013-03-14 16:22:24', '2013-03-14 16:22:24'),
(13, 107, '2013-03-14 16:23:00', '2033-03-14 16:23:00', 3, 'For Team', '2013-03-14 16:23:55', '2013-03-14 16:23:55'),
(14, 1, '2013-03-18 14:39:00', '2013-03-18 14:39:00', 1, NULL, '2013-03-18 14:41:26', '2013-03-18 14:41:26'),
(15, 1, '2013-03-18 14:39:00', '2013-03-18 14:39:00', 1, NULL, '2013-03-18 14:41:26', '2013-03-18 14:41:26'),
(20, 2, '2013-03-18 14:46:00', '2013-03-18 14:46:00', 1, NULL, '2013-03-18 14:46:36', '2013-03-18 14:46:36');

-- --------------------------------------------------------

--
-- Table structure for table `login_tokens`
--

CREATE TABLE IF NOT EXISTS `login_tokens` (
  `id` int(11) NOT NULL AUTO_INCREMENT,
  `user_id` int(11) NOT NULL,
  `token` char(32) NOT NULL,
  `duration` varchar(32) NOT NULL,
  `used` tinyint(1) NOT NULL DEFAULT '0',
  `created` datetime NOT NULL,
  `expires` datetime NOT NULL,
  PRIMARY KEY (`id`)
) ENGINE=MyISAM  DEFAULT CHARSET=utf8 AUTO_INCREMENT=74 ;

--
-- Dumping data for table `login_tokens`
--

INSERT INTO `login_tokens` (`id`, `user_id`, `token`, `duration`, `used`, `created`, `expires`) VALUES
(1, 1, 'c8fc98288d64ac2ffaaee938914a0ea9', '2 weeks', 1, '2013-02-05 10:05:52', '2013-02-19 10:05:52'),
(2, 1, '62553ee01e94828847f6d3830c03029b', '2 weeks', 1, '2013-02-05 13:14:25', '2013-02-19 13:14:25'),
(3, 1, '72256b3611dacbd3bebee07b46e5392f', '2 weeks', 1, '2013-02-05 13:58:22', '2013-02-19 13:58:22'),
(4, 1, 'ae2d8baedfe128767831b305dcfbd9a8', '2 weeks', 1, '2013-02-07 19:16:26', '2013-02-21 19:16:26'),
(5, 1, '5154a1fd228344d7d706d76cac9fd7c8', '2 weeks', 0, '2013-02-07 19:16:26', '2013-02-21 19:16:26'),
(6, 1, 'a20fb5b72b3d7ea5f8329aa8b235a887', '2 weeks', 0, '2013-02-07 20:11:01', '2013-02-21 20:11:01'),
(7, 1, '7e9c438936917d0e53ce64f1e2e3604b', '2 weeks', 0, '2013-02-07 16:19:46', '2013-02-21 16:19:46'),
(8, 2, 'fff1dad35fda97b67769160358143ae1', '2 weeks', 0, '2013-02-19 13:35:05', '2013-03-05 13:35:05'),
(9, 1, '6ccab28d332755752469731dfe3f85f8', '2 weeks', 0, '2013-02-19 14:12:40', '2013-03-05 14:12:40'),
(10, 2, '757200ce564855c042b65563bdab6a9e', '2 weeks', 1, '2013-02-19 14:15:11', '2013-03-05 14:15:11'),
(11, 2, '906bf39c5405e339fd5c4f1c2be13e71', '2 weeks', 1, '2013-02-20 17:48:19', '2013-03-06 17:48:19'),
(12, 2, 'd6736a050a1a287b9ba900e5fbc9a8a1', '2 weeks', 1, '2013-02-22 14:28:05', '2013-03-08 14:28:05'),
(13, 2, '7d0768d834bf2b7c3d87fab3f1b242a5', '2 weeks', 1, '2013-02-22 18:31:30', '2013-03-08 18:31:30'),
(14, 1, '9e851ec3de6a453cbd4325c6a7acafbd', '2 weeks', 1, '2013-02-25 10:23:18', '2013-03-11 10:23:18'),
(15, 2, '5f027920a6375e027d1ceee86005b326', '2 weeks', 1, '2013-02-25 18:25:33', '2013-03-11 18:25:33'),
(16, 1, '6fe669071fd4fff4f508c91bcd9015ae', '2 weeks', 1, '2013-02-25 19:31:22', '2013-03-11 19:31:22'),
(17, 2, 'aa1bdcf1d5f39b0dd8bc0592821cf192', '2 weeks', 1, '2013-02-26 14:07:25', '2013-03-12 14:07:25'),
(18, 2, 'b81dd03e313d7aaca154a13e3e481332', '2 weeks', 1, '2013-02-26 18:08:17', '2013-03-12 18:08:17'),
(19, 1, 'ec125fb147431000dc6c60cc619f5ebf', '2 weeks', 1, '2013-02-26 19:10:20', '2013-03-12 19:10:20'),
(20, 1, 'db3c83c008c1a404bdc105575caf04b0', '2 weeks', 1, '2013-02-27 15:16:25', '2013-03-13 15:16:25'),
(21, 2, 'f99de13e3c9f3f7639b35301c74abb36', '2 weeks', 1, '2013-02-27 15:17:58', '2013-03-13 15:17:58'),
(22, 2, '04f0bdef7967f1d815cd6b5d5748314c', '2 weeks', 0, '2013-02-27 19:19:33', '2013-03-13 19:19:33'),
(23, 2, 'f5c3f5883dacb888188052efbad7a3f4', '2 weeks', 1, '2013-02-28 09:10:41', '2013-03-14 09:10:41'),
(24, 2, 'f85ce71fb004aacd749216ede1d7f9b8', '2 weeks', 1, '2013-02-28 20:09:52', '2013-03-14 20:09:52'),
(25, 1, 'f63a61de991905318ba63bd406555e03', '2 weeks', 1, '2013-03-01 14:17:59', '2013-03-15 14:17:59'),
(26, 2, '5b65dce4cdf47332f1f508227df99073', '2 weeks', 0, '2013-03-01 15:39:47', '2013-03-15 15:39:47'),
(27, 1, '8d4e106c2eb4576a3bb39f43332b2e4e', '2 weeks', 1, '2013-03-01 10:48:26', '2013-03-15 10:48:26'),
(28, 1, '143f69210a759102192c8b3be555450e', '2 weeks', 1, '2013-03-01 19:40:52', '2013-03-15 19:40:52'),
(29, 1, '646378be950ea7d763d857cc875f872e', '2 weeks', 0, '2013-03-04 14:28:28', '2013-03-18 14:28:28'),
(30, 1, '77b0bc241845392fc05091bd383aff98', '2 weeks', 1, '2013-03-04 09:28:52', '2013-03-18 09:28:52'),
(31, 1, 'cfe367cd3421407dd1851f65b33cc730', '2 weeks', 1, '2013-03-04 15:32:12', '2013-03-18 15:32:12'),
(32, 1, '3697dec15662557169d2ae7c456e2ce5', '2 weeks', 1, '2013-03-04 18:35:14', '2013-03-18 18:35:14'),
(33, 0, 'd774483572f4af51b97bcb2939a38c3f', '2 weeks', 0, '2013-03-04 19:51:04', '2013-03-18 19:51:04'),
(34, 1, '5de10b2c15f3f0f9e20233429e8acd06', '2 weeks', 1, '2013-03-04 20:57:49', '2013-03-18 20:57:49'),
(35, 1, '59c72dfa87726c77766244bb6e68aaad', '2 weeks', 1, '2013-03-05 09:04:54', '2013-03-19 09:04:54'),
(36, 1, '94e12d9d60123958ac2c40cb20eed6eb', '2 weeks', 1, '2013-03-05 15:29:20', '2013-03-19 15:29:20'),
(37, 1, '282c04ca025845c776b7e6e0f643375b', '2 weeks', 1, '2013-03-05 21:34:00', '2013-03-19 21:34:00'),
(38, 1, 'a3c10ebed3a5ad8c36e843442862a37d', '2 weeks', 1, '2013-03-06 14:12:47', '2013-03-20 14:12:47'),
(39, 1, 'f431b78bfaf98ff950f9b0abdee9cb98', '2 weeks', 1, '2013-03-06 18:13:48', '2013-03-20 18:13:48'),
(40, 0, '70b04b44443ab099d22a0276983210b5', '2 weeks', 0, '2013-03-06 20:09:15', '2013-03-20 20:09:15'),
(41, 1, '297e95a6d6e329caf90f5abc8dca2ed8', '2 weeks', 1, '2013-03-07 09:10:21', '2013-03-21 09:10:21'),
(42, 1, '994086be48011e7e3482dbb22220c529', '2 weeks', 1, '2013-03-07 18:06:03', '2013-03-21 18:06:03'),
(43, 1, '9a51403f16a284d46e0aeea792bb2fe3', '2 weeks', 1, '2013-03-07 18:10:19', '2013-03-21 18:10:19'),
(44, 1, 'a6324428928a1a10de099848bfcbc801', '2 weeks', 1, '2013-03-08 14:10:55', '2013-03-22 14:10:55'),
(45, 1, 'f1c03603fb13fea3e12c790fc70d75dc', '2 weeks', 1, '2013-03-08 18:16:46', '2013-03-22 18:16:46'),
(46, 1, 'eb4be21d092c1fb19204686152f49e86', '2 weeks', 1, '2013-03-08 19:00:12', '2013-03-22 19:00:12'),
(47, 1, '5db2dac435137522c04f50bb639268c0', '2 weeks', 1, '2013-03-11 13:46:48', '2013-03-25 13:46:48'),
(48, 1, '607c9f166b01b93ccc43f69be46b6f6b', '2 weeks', 1, '2013-03-11 18:25:45', '2013-03-25 18:25:45'),
(49, 1, 'fc5c6f99e1b8492213cb029bc52d0fd2', '2 weeks', 1, '2013-03-12 14:44:51', '2013-03-26 14:44:51'),
(50, 1, '9467e42e90db092ac1e018e6829591d6', '2 weeks', 1, '2013-03-12 19:52:45', '2013-03-26 19:52:45'),
(51, 1, '7c8c9f93b40bc327bff592c47e393f52', '2 weeks', 1, '2013-03-12 20:45:47', '2013-03-26 20:45:47'),
(52, 1, 'f9706b9a88726be6799c1eb6432a6e92', '2 weeks', 1, '2013-03-13 13:28:35', '2013-03-27 13:28:35'),
(53, 1, '02a126c5d740082b004f48fa1afad625', '2 weeks', 1, '2013-03-14 14:01:40', '2013-03-28 14:01:40'),
(54, 1, '35ac60bfe36ac740364808995446d075', '2 weeks', 0, '2013-03-14 18:04:14', '2013-03-28 18:04:14'),
(55, 1, '1318f8b647cef3bd1dd94f9f7713fdd2', '2 weeks', 0, '2013-03-14 18:15:44', '2013-03-28 18:15:44'),
(56, 1, 'f8020a19724c2df4a0ebb29e98ed54a8', '2 weeks', 0, '2013-03-14 15:57:04', '2013-03-28 15:57:04'),
(57, 1, '161b8c66f7e4b197cb414b851d6ddcaf', '2 weeks', 1, '2013-03-14 15:57:36', '2013-03-28 15:57:36'),
(58, 1, '9a33bd697f1db6fb71834d5cb23f0227', '2 weeks', 1, '2013-03-14 15:58:23', '2013-03-28 15:58:23'),
(59, 1, '38f768994908ef7801fc08a13f14c0e1', '2 weeks', 1, '2013-03-15 13:14:15', '2013-03-29 13:14:15'),
(60, 1, '39f10ef697cdc18972d9565a61900235', '2 weeks', 1, '2013-03-15 15:13:09', '2013-03-29 15:13:09'),
(61, 1, '690c84180ef41c5ce03eba944cc0043c', '2 weeks', 1, '2013-03-15 17:15:29', '2013-03-29 17:15:29'),
(62, 1, '96d2a3de26f67f3c9b5c0ca5aa5c520a', '2 weeks', 1, '2013-03-18 13:48:36', '2013-04-01 13:48:36'),
(63, 1, '5e2d03d1b2a2c0e9adc772aa582b6075', '2 weeks', 1, '2013-03-18 13:58:36', '2013-04-01 13:58:36'),
(64, 1, 'ae7f01951fe3ea5dc4bb427c67617b23', '2 weeks', 0, '2013-03-18 18:19:07', '2013-04-01 18:19:07'),
(65, 1, 'ecd675531cced89580642aca86c9161c', '2 weeks', 1, '2013-03-18 14:19:49', '2013-04-01 14:19:49'),
(66, 1, '479d091a1727a02c57c3846ff9a3c092', '2 weeks', 1, '2013-03-18 19:33:45', '2013-04-01 19:33:45'),
(67, 1, 'fa11e2c68f43cc0230c6a82be19b9912', '2 weeks', 1, '2013-03-19 13:12:31', '2013-04-02 13:12:31'),
(68, 1, '97668ce3a3c30feb76d8b7f9e337c4c3', '2 weeks', 1, '2013-03-19 14:05:39', '2013-04-02 14:05:39'),
(69, 1, '2d7c0f86b45274321bb307baddd8085a', '2 weeks', 1, '2013-03-19 18:33:50', '2013-04-02 18:33:50'),
(70, 1, '08f51f3b98efa79eaeffa70cbb17e1bd', '2 weeks', 1, '2013-03-20 13:27:22', '2013-04-03 13:27:22'),
(71, 1, '16c203d83664b563fdc0570dce5f4396', '2 weeks', 1, '2013-03-20 19:18:04', '2013-04-03 19:18:04'),
(72, 1, '50c1aa90012c81a070689cf4bd364367', '2 weeks', 0, '2013-03-21 17:12:07', '2013-04-04 17:12:07'),
(73, 1, 'c231b2a8119b3785bae8ceef631f520e', '2 weeks', 0, '2013-03-22 17:19:51', '2013-04-05 17:19:51');

-- --------------------------------------------------------

--
-- Table structure for table `products`
--

CREATE TABLE IF NOT EXISTS `products` (
  `id` int(11) unsigned NOT NULL AUTO_INCREMENT,
  `category_id` int(10) unsigned DEFAULT NULL,
  `subcategory_id` int(10) unsigned DEFAULT NULL,
  `location` varchar(100) DEFAULT NULL,
  `name` varchar(100) NOT NULL,
  `sku` varchar(100) DEFAULT NULL,
  `mac` varchar(100) DEFAULT NULL,
  `type_id` int(10) unsigned DEFAULT NULL,
  `description` text,
  `cpu` varchar(100) DEFAULT NULL,
  `ram` varchar(100) DEFAULT NULL,
  `os` varchar(100) DEFAULT NULL,
  `cost` varchar(100) DEFAULT NULL,
  `created` datetime NOT NULL,
  `updated` datetime NOT NULL,
  PRIMARY KEY (`id`)
) ENGINE=InnoDB  DEFAULT CHARSET=latin1 AUTO_INCREMENT=385 ;

--
-- Dumping data for table `products`
--

INSERT INTO `products` (`id`, `category_id`, `subcategory_id`, `location`, `name`, `sku`, `mac`, `type_id`, `description`, `cpu`, `ram`, `os`, `cost`, `created`, `updated`) VALUES
(1, 11, 38, '10A', 'Apple MacBook Pro MAC:1232113', NULL, '1232113', 3, NULL, 'i7', '8GB', '10.7.6', NULL, '2013-03-04 11:26:07', '2013-03-04 11:26:07'),
(2, 11, 38, '10A', 'Apple MacBook Pro MAC:581169', NULL, '581169', 3, NULL, 'Core2 2.53ghz', '4GB', '10.6', NULL, '2013-03-04 11:26:07', '2013-03-04 11:26:07'),
(3, 11, 38, '10A', 'Apple MacBook Pro MAC:143030', NULL, '143030', 3, NULL, 'Core2 2.53ghz', '8GB', '10.6', NULL, '2013-03-04 11:26:07', '2013-03-04 11:26:07'),
(4, 11, 38, '10A', 'Apple MacBook Pro MAC:707663', NULL, '707663', 3, NULL, 'Core2 2.53ghz', '4GB', '10.8.2', NULL, '2013-03-04 11:26:07', '2013-03-04 11:26:07'),
(5, 11, 38, '10A', 'Apple MacBook Pro MAC:1232115', NULL, '1232115', 3, NULL, 'i7', '4GB', '10.7.4', NULL, '2013-03-04 11:26:07', '2013-03-04 11:26:07'),
(6, 11, 38, '10A', 'Apple MacBook Pro MAC:707666', NULL, '707666', 3, NULL, 'Core2 2.53ghz', '4GB', '10.7.2', NULL, '2013-03-04 11:26:07', '2013-03-04 11:26:07'),
(7, 11, 38, '10A', 'Apple MacBook Pro MAC:876317', NULL, '876317', 3, NULL, 'i5 ', '4GB', '10.6.8', NULL, '2013-03-04 11:26:07', '2013-03-04 11:26:07'),
(8, 11, 38, '10A', 'Apple MacBook Pro MAC:707655', NULL, '707655', 3, NULL, 'Core2 2.53ghz', '4GB', '10.6.8', NULL, '2013-03-04 11:26:07', '2013-03-04 11:26:07'),
(9, 11, 38, '10A', 'Apple MacBook Pro MAC:707651', NULL, '707651', 3, NULL, 'Core2 2.53ghz', '4GB', '10.6.8', NULL, '2013-03-04 11:26:07', '2013-03-04 11:26:07'),
(10, 11, 38, '10A', 'Apple MacBook Pro MAC:707661', NULL, '707661', 3, NULL, 'Core2 2.53ghz', '4GB', '10.6.8', NULL, '2013-03-04 11:26:07', '2013-03-04 11:26:07'),
(11, 11, 38, '10A', 'Apple MacBook Pro MAC:707667', NULL, '707667', 3, NULL, 'Core2 2.53ghz', '4GB', '10.7', NULL, '2013-03-04 11:26:07', '2013-03-04 11:26:07'),
(12, 11, 38, '10A', 'Apple MacBook Pro MAC:1232114', NULL, '1232114', 3, NULL, 'i7', '8GB ', '10.7.5', NULL, '2013-03-04 11:26:07', '2013-03-04 11:26:07'),
(13, 11, 39, '10A', 'Apple MacBook AIR MAC:1204235', NULL, '1204235', 3, NULL, 'i5', '4GB', '10.7.5', NULL, '2013-03-04 11:26:07', '2013-03-04 11:26:07'),
(14, 8, 40, '10B', 'Dell Latitude E6520 MAC:1123559', NULL, '1123559', 3, NULL, 'i5 2.5ghz', '4GB', 'Win 7 Pro', NULL, '2013-03-04 11:26:07', '2013-03-04 11:26:07'),
(15, 8, 40, '10B', 'Dell Latitude E6520 MAC:1123556', NULL, '1123556', 3, NULL, 'i5 2.5ghz', '4GB', 'Win 7 Pro', NULL, '2013-03-04 11:26:07', '2013-03-04 11:26:07'),
(16, 8, 40, '10B', 'Dell Latitude E6520 MAC:1123554', NULL, '1123554', 3, NULL, 'i5 2.5ghz', '4GB', 'Win 7 Pro', NULL, '2013-03-04 11:26:07', '2013-03-04 11:26:07'),
(17, 8, 40, '10B', 'Dell Latitude E6520 MAC:1123550', NULL, '1123550', 3, NULL, 'i5 2.5ghz', '4GB', 'Win 7 Pro', NULL, '2013-03-04 11:26:07', '2013-03-04 11:26:07'),
(18, 8, 40, '10B', 'Dell Latitude E6520 MAC:1123551', NULL, '1123551', 3, NULL, 'i5 2.5ghz', '4GB', 'Win 7 Pro', NULL, '2013-03-04 11:26:07', '2013-03-04 11:26:07'),
(19, 8, 40, '10B', 'Dell Latitude E6520 MAC:1123552', NULL, '1123552', 3, NULL, 'i5 2.5ghz', '4GB', 'Win 7 Pro', NULL, '2013-03-04 11:26:07', '2013-03-04 11:26:07'),
(20, 8, 40, '10B', 'Dell Latitude E6520 MAC:1123553', NULL, '1123553', 3, NULL, 'i5 2.5ghz', '4GB', 'Win 7 Pro', NULL, '2013-03-04 11:26:07', '2013-03-04 11:26:07'),
(21, 8, 40, '10B', 'Dell Latitude E6520 MAC:1123557', NULL, '1123557', 3, NULL, 'i5 2.5ghz', '4GB', 'Win 7 Pro', NULL, '2013-03-04 11:26:07', '2013-03-04 11:26:07'),
(22, 8, 40, '10B', 'Dell Latitude E6520 MAC:1123555', NULL, '1123555', 3, NULL, 'i5 2.5ghz', '4GB', 'Win 7 Pro', NULL, '2013-03-04 11:26:07', '2013-03-04 11:26:07'),
(23, 8, 40, '10B', 'Dell Latitude E6520 MAC:1123558', NULL, '1123558', 3, NULL, 'i5 2.5ghz', '4GB', 'Win 7 Pro', NULL, '2013-03-04 11:26:07', '2013-03-04 11:26:07'),
(24, 8, 41, '10B', 'Dell Latitude E6420 MAC:959093', NULL, '959093', 3, NULL, 'i5 2.5ghz', '4GB', 'Win 7 Ent', NULL, '2013-03-04 11:26:07', '2013-03-04 11:26:07'),
(25, 8, 41, '10B', 'Dell Latitude E6420 MAC:959091', NULL, '959091', 3, NULL, 'i5 2.5ghz', '4GB', 'Win 7 Ent', NULL, '2013-03-04 11:26:07', '2013-03-04 11:26:07'),
(26, 8, 41, '10B', 'Dell Latitude E6420 MAC:1031412', NULL, '1031412', 3, NULL, 'i5 2.5ghz', '4GB', 'Win 7 Ent', NULL, '2013-03-04 11:26:07', '2013-03-04 11:26:07'),
(27, 8, 41, '10B', 'Dell Latitude E6420 MAC:C000296', NULL, 'C000296', 3, NULL, 'i5 2.5ghz', '4GB', 'Win 7 Ent', NULL, '2013-03-04 11:26:07', '2013-03-04 11:26:07'),
(28, 8, 41, '10B', 'Dell Latitude E6420 MAC:C000357', NULL, 'C000357', 3, NULL, 'i5 2.5ghz', '4GB', 'Win 7 Ent', NULL, '2013-03-04 11:26:07', '2013-03-04 11:26:07'),
(29, 8, 42, '10C', 'Dell Latitude C400 MAC:10023', NULL, '10023', 3, NULL, 'Pentium M', '', '', NULL, '2013-03-04 11:26:07', '2013-03-04 11:26:07'),
(30, 8, 43, '10C', 'Dell Latitude D600 MAC:9RF9J41', NULL, '9RF9J41', 3, NULL, 'Pentium M', '', '', NULL, '2013-03-04 11:26:07', '2013-03-04 11:26:07'),
(31, 8, 44, '10C', 'Dell Latitude D620 MAC:8489DB1', NULL, '8489DB1', 3, NULL, 'Core Duo 2ghz', '2GB', 'Win 7 Ent', NULL, '2013-03-04 11:26:07', '2013-03-04 11:26:07'),
(32, 8, 45, '10C', 'Dell Latitude 810 MAC:76V0271', NULL, '76V0271', 3, NULL, 'Pentium M', '', '', NULL, '2013-03-04 11:26:07', '2013-03-04 11:26:07'),
(33, 8, 46, '10A', 'Dell Latitude E6400 MAC:711127', NULL, '711127', 3, NULL, 'Core2 2.53ghz', '2gb', 'Win 7 Ent', NULL, '2013-03-04 11:26:07', '2013-03-04 11:26:07'),
(34, 8, 46, '10A', 'Dell Latitude E6400 MAC:711120', NULL, '711120', 3, NULL, 'Core2 2.53ghz', '4gb', 'Win 7 Ent', NULL, '2013-03-04 11:26:07', '2013-03-04 11:26:07'),
(35, 8, 46, '10A', 'Dell Latitude E6400 MAC:126329', NULL, '126329', 3, NULL, 'Core2 2.26ghz', '2gb', 'Win 7 Ent', NULL, '2013-03-04 11:26:07', '2013-03-04 11:26:07'),
(36, 8, 46, '10A', 'Dell Latitude E6400 MAC:544566', NULL, '544566', 3, NULL, 'Core2 2.26ghz', '2gb', 'Win 7 Pro', NULL, '2013-03-04 11:26:07', '2013-03-04 11:26:07'),
(37, 8, 46, '10A', 'Dell Latitude E6400 MAC:660575', NULL, '660575', 3, NULL, 'i5 2.4ghz', '4gb', 'Win 7 Ent', NULL, '2013-03-04 11:26:07', '2013-03-04 11:26:07'),
(38, 8, 46, '10A', 'Dell Latitude E6400 MAC:556775', NULL, '556775', 3, NULL, 'Core2 2.26ghz', '2gb', 'Win 7 Ent', NULL, '2013-03-04 11:26:07', '2013-03-04 11:26:07'),
(39, 8, 46, '10A', 'Dell Latitude E6400 MAC:673986', NULL, '673986', 3, NULL, 'Core2 2.53ghz', '2gb', 'Win 7 Pro', NULL, '2013-03-04 11:26:07', '2013-03-04 11:26:07'),
(40, 8, 47, '10B', 'Dell Latitude E6410 MAC:819397', NULL, '819397', 3, NULL, 'i5 2.4ghz', '4gb', 'Win 7 Ent', NULL, '2013-03-04 11:26:07', '2013-03-04 11:26:07'),
(41, 8, 47, '10B', 'Dell Latitude E6410 MAC:763820', NULL, '763820', 3, NULL, 'i5 2.4ghz', '2gb', 'Win 7 Ent', NULL, '2013-03-04 11:26:07', '2013-03-04 11:26:07'),
(42, 10, 12, '7A', 'Netgear WNR2000-100NAS MAC:A021B7B1FA4D', NULL, 'A021B7B1FA4D', 1, NULL, '', '', '', NULL, '2013-03-04 11:26:07', '2013-03-04 11:26:07'),
(43, 10, 12, '7A', 'Netgear WNR2000-100NAS MAC:A021B7B1FA53', NULL, 'A021B7B1FA53', 1, NULL, '', '', '', NULL, '2013-03-04 11:26:07', '2013-03-04 11:26:07'),
(44, 10, 12, '7A', 'Netgear WNR2000-100NAS MAC:A021B7B1FA17', NULL, 'A021B7B1FA17', 1, NULL, '', '', '', NULL, '2013-03-04 11:26:07', '2013-03-04 11:26:07'),
(45, 10, 12, '7A', 'Netgear WNR2000-100NAS MAC:A021B7B1F99F', NULL, 'A021B7B1F99F', 1, NULL, '', '', '', NULL, '2013-03-04 11:26:07', '2013-03-04 11:26:07'),
(46, 1, 1, '7B', 'Arris CM820A MAC:001DD081991F', NULL, '001DD081991F', 2, NULL, '', '', '', NULL, '2013-03-04 11:26:07', '2013-03-04 11:26:07'),
(47, 1, 1, '7B', 'Arris CM820A MAC:001DD0819F31', NULL, '001DD0819F31', 2, NULL, '', '', '', NULL, '2013-03-04 11:26:07', '2013-03-04 11:26:07'),
(48, 1, 1, '7B', 'Arris CM820A MAC:001DD0819E83', NULL, '001DD0819E83', 2, NULL, '', '', '', NULL, '2013-03-04 11:26:07', '2013-03-04 11:26:07'),
(49, 1, 1, '7B', 'Arris CM820A MAC:001DD0818A19', NULL, '001DD0818A19', 2, NULL, '', '', '', NULL, '2013-03-04 11:26:07', '2013-03-04 11:26:07'),
(50, 1, 1, '7B', 'Arris CM820A MAC:001DD0819F75', NULL, '001DD0819F75', 2, NULL, '', '', '', NULL, '2013-03-04 11:26:07', '2013-03-04 11:26:07'),
(51, 1, 1, '7B', 'Arris CM820A MAC:001DD0819E91', NULL, '001DD0819E91', 2, NULL, '', '', '', NULL, '2013-03-04 11:26:07', '2013-03-04 11:26:07'),
(52, 1, 1, '7B', 'Arris CM820A MAC:001DD0819E49', NULL, '001DD0819E49', 2, NULL, '', '', '', NULL, '2013-03-04 11:26:07', '2013-03-04 11:26:07'),
(53, 1, 1, '7B', 'Arris CM820A MAC:001DD0819963', NULL, '001DD0819963', 2, NULL, '', '', '', NULL, '2013-03-04 11:26:07', '2013-03-04 11:26:07'),
(54, 1, 1, '7B', 'Arris CM820A MAC:001DD0818A9F', NULL, '001DD0818A9F', 2, NULL, '', '', '', NULL, '2013-03-04 11:26:07', '2013-03-04 11:26:07'),
(55, 1, 1, '7B', 'Arris CM820A MAC:001DD0819E29', NULL, '001DD0819E29', 2, NULL, '', '', '', NULL, '2013-03-04 11:26:07', '2013-03-04 11:26:07'),
(56, 1, 1, '7B', 'Arris CM820A MAC:001DD0819EF3', NULL, '001DD0819EF3', 2, NULL, '', '', '', NULL, '2013-03-04 11:26:07', '2013-03-04 11:26:07'),
(57, 1, 1, '7B', 'Arris CM820A MAC:001DD0819F69', NULL, '001DD0819F69', 2, NULL, '', '', '', NULL, '2013-03-04 11:26:07', '2013-03-04 11:26:07'),
(58, 1, 1, '7B', 'Arris CM820A MAC:001DD0819CFB', NULL, '001DD0819CFB', 2, NULL, '', '', '', NULL, '2013-03-04 11:26:07', '2013-03-04 11:26:07'),
(59, 1, 1, '7B', 'Arris CM820A MAC:001DD0819E7F', NULL, '001DD0819E7F', 2, NULL, '', '', '', NULL, '2013-03-04 11:26:07', '2013-03-04 11:26:07'),
(60, 1, 1, '7B', 'Arris CM820A MAC:001DD0819E37', NULL, '001DD0819E37', 2, NULL, '', '', '', NULL, '2013-03-04 11:26:07', '2013-03-04 11:26:07'),
(61, 1, 1, '7B', 'Arris CM820A MAC:001DD081950D', NULL, '001DD081950D', 2, NULL, '', '', '', NULL, '2013-03-04 11:26:07', '2013-03-04 11:26:07'),
(62, 1, 1, '7B', 'Arris CM820A MAC:001DD0818ABB', NULL, '001DD0818ABB', 2, NULL, '', '', '', NULL, '2013-03-04 11:26:07', '2013-03-04 11:26:07'),
(63, 1, 1, '7B', 'Arris CM820A MAC:001DD0819969', NULL, '001DD0819969', 2, NULL, '', '', '', NULL, '2013-03-04 11:26:07', '2013-03-04 11:26:07'),
(64, 1, 1, '7B', 'Arris CM820A MAC:001DD0819F61', NULL, '001DD0819F61', 2, NULL, '', '', '', NULL, '2013-03-04 11:26:07', '2013-03-04 11:26:07'),
(65, 1, 1, '7B', 'Arris CM820A MAC:001DD0819F83', NULL, '001DD0819F83', 2, NULL, '', '', '', NULL, '2013-03-04 11:26:07', '2013-03-04 11:26:07'),
(66, 1, 1, '7B', 'Arris CM820A MAC:001DD0819CDB', NULL, '001DD0819CDB', 2, NULL, '', '', '', NULL, '2013-03-04 11:26:07', '2013-03-04 11:26:07'),
(67, 1, 1, '7B', 'Arris CM820A MAC:001DD0819D65', NULL, '001DD0819D65', 2, NULL, '', '', '', NULL, '2013-03-04 11:26:07', '2013-03-04 11:26:07'),
(68, 1, 1, '7B', 'Arris CM820A MAC:001DD0819D95', NULL, '001DD0819D95', 2, NULL, '', '', '', NULL, '2013-03-04 11:26:07', '2013-03-04 11:26:07'),
(69, 1, 1, '7B', 'Arris CM820A MAC:001DD0819ED7', NULL, '001DD0819ED7', 2, NULL, '', '', '', NULL, '2013-03-04 11:26:07', '2013-03-04 11:26:07'),
(70, 1, 1, '7B', 'Arris CM820A MAC:001DD0819F1F', NULL, '001DD0819F1F', 2, NULL, '', '', '', NULL, '2013-03-04 11:26:07', '2013-03-04 11:26:07'),
(71, 1, 1, '7B', 'Arris CM820A MAC:001DD0819D7F', NULL, '001DD0819D7F', 2, NULL, '', '', '', NULL, '2013-03-04 11:26:07', '2013-03-04 11:26:07'),
(72, 1, 1, '7B', 'Arris CM820A MAC:001DD0819E15', NULL, '001DD0819E15', 2, NULL, '', '', '', NULL, '2013-03-04 11:26:07', '2013-03-04 11:26:07'),
(73, 10, 13, '7B', 'Netgear R6300 MAC:20E52A029583', NULL, '20E52A029583', 1, NULL, '', '', '', NULL, '2013-03-04 11:26:07', '2013-03-04 11:26:07'),
(74, 1, 1, '7C', 'Arris CM820A MAC:001DD0819F6D', NULL, '001DD0819F6D', 2, NULL, '', '', '', NULL, '2013-03-04 11:26:07', '2013-03-04 11:26:07'),
(75, 1, 1, '7C', 'Arris CM820A MAC:001DD08196D7', NULL, '001DD08196D7', 2, NULL, '', '', '', NULL, '2013-03-04 11:26:07', '2013-03-04 11:26:07'),
(76, 1, 1, '7C', 'Arris CM820A MAC:001DD0819E11', NULL, '001DD0819E11', 2, NULL, '', '', '', NULL, '2013-03-04 11:26:07', '2013-03-04 11:26:07'),
(77, 1, 1, '7C', 'Arris CM820A MAC:001DD0819DB7', NULL, '001DD0819DB7', 2, NULL, '', '', '', NULL, '2013-03-04 11:26:07', '2013-03-04 11:26:07'),
(78, 1, 1, '7C', 'Arris CM820A MAC:001DD0819D8F', NULL, '001DD0819D8F', 2, NULL, '', '', '', NULL, '2013-03-04 11:26:07', '2013-03-04 11:26:07'),
(79, 1, 1, '7C', 'Arris CM820A MAC:001DD0819E8D', NULL, '001DD0819E8D', 2, NULL, '', '', '', NULL, '2013-03-04 11:26:07', '2013-03-04 11:26:07'),
(80, 1, 1, '7C', 'Arris CM820A MAC:001DD0819E27', NULL, '001DD0819E27', 2, NULL, '', '', '', NULL, '2013-03-04 11:26:07', '2013-03-04 11:26:07'),
(81, 1, 1, '7C', 'Arris CM820A MAC:001DD0819D93', NULL, '001DD0819D93', 2, NULL, '', '', '', NULL, '2013-03-04 11:26:07', '2013-03-04 11:26:07'),
(82, 1, 1, '7C', 'Arris CM820A MAC:001DD08196DB', NULL, '001DD08196DB', 2, NULL, '', '', '', NULL, '2013-03-04 11:26:07', '2013-03-04 11:26:07'),
(83, 1, 1, '7C', 'Arris CM820A MAC:001DD0819D0D', NULL, '001DD0819D0D', 2, NULL, '', '', '', NULL, '2013-03-04 11:26:07', '2013-03-04 11:26:07'),
(84, 1, 1, '7C', 'Arris CM820A MAC:001DD0819995', NULL, '001DD0819995', 2, NULL, '', '', '', NULL, '2013-03-04 11:26:07', '2013-03-04 11:26:07'),
(85, 1, 1, '7C', 'Arris CM820A MAC:001DD081974D', NULL, '001DD081974D', 2, NULL, '', '', '', NULL, '2013-03-04 11:26:07', '2013-03-04 11:26:07'),
(86, 1, 1, '7C', 'Arris CM820A MAC:001DD0819D59', NULL, '001DD0819D59', 2, NULL, '', '', '', NULL, '2013-03-04 11:26:07', '2013-03-04 11:26:07'),
(87, 1, 1, '7C', 'Arris CM820A MAC:001DD0819E8F', NULL, '001DD0819E8F', 2, NULL, '', '', '', NULL, '2013-03-04 11:26:07', '2013-03-04 11:26:07'),
(88, 1, 1, '7C', 'Arris CM820A MAC:001DD0819EC1', NULL, '001DD0819EC1', 2, NULL, '', '', '', NULL, '2013-03-04 11:26:07', '2013-03-04 11:26:07'),
(89, 1, 1, '7C', 'Arris CM820A MAC:001DD0819E39', NULL, '001DD0819E39', 2, NULL, '', '', '', NULL, '2013-03-04 11:26:07', '2013-03-04 11:26:07'),
(90, 1, 1, '7C', 'Arris CM820A MAC:001DD0819EB3', NULL, '001DD0819EB3', 2, NULL, '', '', '', NULL, '2013-03-04 11:26:07', '2013-03-04 11:26:07'),
(91, 1, 1, '7C', 'Arris CM820A MAC:001DD0819DD1', NULL, '001DD0819DD1', 2, NULL, '', '', '', NULL, '2013-03-04 11:26:07', '2013-03-04 11:26:07'),
(92, 1, 1, '7C', 'Arris CM820A MAC:001DD0819E13', NULL, '001DD0819E13', 2, NULL, '', '', '', NULL, '2013-03-04 11:26:07', '2013-03-04 11:26:07'),
(93, 1, 1, '7C', 'Arris CM820A MAC:001DD081904B', NULL, '001DD081904B', 2, NULL, '', '', '', NULL, '2013-03-04 11:26:07', '2013-03-04 11:26:07'),
(94, 1, 1, '7C', 'Arris CM820A MAC:001DD0819E09', NULL, '001DD0819E09', 2, NULL, '', '', '', NULL, '2013-03-04 11:26:07', '2013-03-04 11:26:07'),
(95, 1, 1, '7C', 'Arris CM820A MAC:001DD0819DDF', NULL, '001DD0819DDF', 2, NULL, '', '', '', NULL, '2013-03-04 11:26:07', '2013-03-04 11:26:07'),
(96, 1, 1, '7C', 'Arris CM820A MAC:001DD0819DEF', NULL, '001DD0819DEF', 2, NULL, '', '', '', NULL, '2013-03-04 11:26:07', '2013-03-04 11:26:07'),
(97, 1, 1, '7C', 'Arris CM820A MAC:001DD0819109', NULL, '001DD0819109', 2, NULL, '', '', '', NULL, '2013-03-04 11:26:07', '2013-03-04 11:26:07'),
(98, 1, 1, '7C', 'Arris CM820A MAC:001DD08198FD', NULL, '001DD08198FD', 2, NULL, '', '', '', NULL, '2013-03-04 11:26:07', '2013-03-04 11:26:07'),
(99, 1, 1, '7C', 'Arris CM820A MAC:001DD0819F9B', NULL, '001DD0819F9B', 2, NULL, '', '', '', NULL, '2013-03-04 11:26:07', '2013-03-04 11:26:07'),
(100, 1, 1, '7C', 'Arris CM820A MAC:001DD0819EB1', NULL, '001DD0819EB1', 2, NULL, '', '', '', NULL, '2013-03-04 11:26:07', '2013-03-04 11:26:07'),
(101, 1, 1, '7C', 'Arris CM820A MAC:001DD08196C3', NULL, '001DD08196C3', 2, NULL, '', '', '', NULL, '2013-03-04 11:26:07', '2013-03-04 11:26:07'),
(102, 1, 1, '7C', 'Arris CM820A MAC:001DD0819E9F', NULL, '001DD0819E9F', 2, NULL, '', '', '', NULL, '2013-03-04 11:26:07', '2013-03-04 11:26:07'),
(103, 1, 1, '7C', 'Arris CM820A MAC:001DD0819F81', NULL, '001DD0819F81', 2, NULL, '', '', '', NULL, '2013-03-04 11:26:07', '2013-03-04 11:26:07'),
(104, 1, 1, '7C', 'Arris CM820A MAC:001DD0819E47', NULL, '001DD0819E47', 2, NULL, '', '', '', NULL, '2013-03-04 11:26:07', '2013-03-04 11:26:07'),
(105, 1, 1, '7C', 'Arris CM820A MAC:001DD0819F6F', NULL, '001DD0819F6F', 2, NULL, '', '', '', NULL, '2013-03-04 11:26:07', '2013-03-04 11:26:07'),
(106, 1, 1, '7C', 'Arris CM820A MAC:001DD0819765', NULL, '001DD0819765', 2, NULL, '', '', '', NULL, '2013-03-04 11:26:07', '2013-03-04 11:26:07'),
(107, 1, 1, '7C', 'Arris CM820A MAC:001DD08196AF', NULL, '001DD08196AF', 2, NULL, '', '', '', NULL, '2013-03-04 11:26:07', '2013-03-04 11:26:07'),
(108, 1, 1, '7C', 'Arris CM820A MAC:001DD08192D1', NULL, '001DD08192D1', 2, NULL, '', '', '', NULL, '2013-03-04 11:26:07', '2013-03-04 11:26:07'),
(109, 1, 1, '7C', 'Arris CM820A MAC:001DD0819F79', NULL, '001DD0819F79', 2, NULL, '', '', '', NULL, '2013-03-04 11:26:07', '2013-03-04 11:26:07'),
(110, 1, 1, '7C', 'Arris CM820A MAC:001DD0819F09', NULL, '001DD0819F09', 2, NULL, '', '', '', NULL, '2013-03-04 11:26:07', '2013-03-04 11:26:07'),
(111, 1, 1, '7C', 'Arris CM820A MAC:001DD0819E31', NULL, '001DD0819E31', 2, NULL, '', '', '', NULL, '2013-03-04 11:26:07', '2013-03-04 11:26:07'),
(112, 1, 1, '7C', 'Arris CM820A MAC:001DD0819E43', NULL, '001DD0819E43', 2, NULL, '', '', '', NULL, '2013-03-04 11:26:07', '2013-03-04 11:26:07'),
(113, 1, 1, '7C', 'Arris CM820A MAC:001DD0819E4D', NULL, '001DD0819E4D', 2, NULL, '', '', '', NULL, '2013-03-04 11:26:07', '2013-03-04 11:26:07'),
(114, 1, 1, '8A', 'Arris CM820A MAC:001DD0819907', NULL, '001DD0819907', 2, NULL, '', '', '', NULL, '2013-03-04 11:26:07', '2013-03-04 11:26:07'),
(115, 1, 1, '8A', 'Arris CM820A MAC:001DD0819935', NULL, '001DD0819935', 2, NULL, '', '', '', NULL, '2013-03-04 11:26:07', '2013-03-04 11:26:07'),
(116, 1, 1, '8A', 'Arris CM820A MAC:001DD0819517', NULL, '001DD0819517', 2, NULL, '', '', '', NULL, '2013-03-04 11:26:07', '2013-03-04 11:26:07'),
(117, 1, 1, '8A', 'Arris CM820A MAC:001DD08198F7', NULL, '001DD08198F7', 2, NULL, '', '', '', NULL, '2013-03-04 11:26:07', '2013-03-04 11:26:07'),
(118, 1, 1, '8A', 'Arris CM820A MAC:001DD0819E71', NULL, '001DD0819E71', 2, NULL, '', '', '', NULL, '2013-03-04 11:26:07', '2013-03-04 11:26:07'),
(119, 1, 1, '8A', 'Arris CM820A MAC:001DD0819F99', NULL, '001DD0819F99', 2, NULL, '', '', '', NULL, '2013-03-04 11:26:07', '2013-03-04 11:26:07'),
(120, 1, 1, '8A', 'Arris CM820A MAC:001DD0819D39', NULL, '001DD0819D39', 2, NULL, '', '', '', NULL, '2013-03-04 11:26:07', '2013-03-04 11:26:07'),
(121, 1, 1, '8A', 'Arris CM820A MAC:001DD0819DA3', NULL, '001DD0819DA3', 2, NULL, '', '', '', NULL, '2013-03-04 11:26:07', '2013-03-04 11:26:07'),
(122, 1, 1, '8A', 'Arris CM820A MAC:001DD0819DA1', NULL, '001DD0819DA1', 2, NULL, '', '', '', NULL, '2013-03-04 11:26:07', '2013-03-04 11:26:07'),
(123, 1, 1, '8A', 'Arris CM820A MAC:001DD0819E97', NULL, '001DD0819E97', 2, NULL, '', '', '', NULL, '2013-03-04 11:26:07', '2013-03-04 11:26:07'),
(124, 1, 1, '8A', 'Arris CM820A MAC:001DD0819E99', NULL, '001DD0819E99', 2, NULL, '', '', '', NULL, '2013-03-04 11:26:07', '2013-03-04 11:26:07'),
(125, 1, 1, '8A', 'Arris CM820A MAC:001DD0819ECB', NULL, '001DD0819ECB', 2, NULL, '', '', '', NULL, '2013-03-04 11:26:07', '2013-03-04 11:26:07'),
(126, 1, 1, '8A', 'Arris CM820A MAC:001DD08193B1', NULL, '001DD08193B1', 2, NULL, '', '', '', NULL, '2013-03-04 11:26:07', '2013-03-04 11:26:07'),
(127, 1, 1, '8A', 'Arris CM820A MAC:001DD0819647', NULL, '001DD0819647', 2, NULL, '', '', '', NULL, '2013-03-04 11:26:07', '2013-03-04 11:26:07'),
(128, 1, 1, '8A', 'Arris CM820A MAC:001DD0819CCF', NULL, '001DD0819CCF', 2, NULL, '', '', '', NULL, '2013-03-04 11:26:07', '2013-03-04 11:26:07'),
(129, 1, 1, '8A', 'Arris CM820A MAC:001DD0818B41', NULL, '001DD0818B41', 2, NULL, '', '', '', NULL, '2013-03-04 11:26:07', '2013-03-04 11:26:07'),
(130, 1, 1, '8A', 'Arris CM820A MAC:001DD0819F4F', NULL, '001DD0819F4F', 2, NULL, '', '', '', NULL, '2013-03-04 11:26:07', '2013-03-04 11:26:07'),
(131, 1, 1, '8A', 'Arris CM820A MAC:001DD0819F8F', NULL, '001DD0819F8F', 2, NULL, '', '', '', NULL, '2013-03-04 11:26:07', '2013-03-04 11:26:07'),
(132, 1, 1, '8A', 'Arris CM820A MAC:001DD0819DDB', NULL, '001DD0819DDB', 2, NULL, '', '', '', NULL, '2013-03-04 11:26:07', '2013-03-04 11:26:07'),
(133, 1, 1, '8A', 'Arris CM820A MAC:001DD081951B', NULL, '001DD081951B', 2, NULL, '', '', '', NULL, '2013-03-04 11:26:07', '2013-03-04 11:26:07'),
(134, 1, 1, '8A', 'Arris CM820A MAC:001DD0819039', NULL, '001DD0819039', 2, NULL, '', '', '', NULL, '2013-03-04 11:26:07', '2013-03-04 11:26:07'),
(135, 1, 1, '8A', 'Arris CM820A MAC:001DD0819F7B', NULL, '001DD0819F7B', 2, NULL, '', '', '', NULL, '2013-03-04 11:26:07', '2013-03-04 11:26:07'),
(136, 1, 1, '8A', 'Arris CM820A MAC:001DD08196B9', NULL, '001DD08196B9', 2, NULL, '', '', '', NULL, '2013-03-04 11:26:07', '2013-03-04 11:26:07'),
(137, 1, 1, '8A', 'Arris CM820A MAC:001DD08190E5', NULL, '001DD08190E5', 2, NULL, '', '', '', NULL, '2013-03-04 11:26:07', '2013-03-04 11:26:07'),
(138, 1, 1, '8A', 'Arris CM820A MAC:001DD0818AE7', NULL, '001DD0818AE7', 2, NULL, '', '', '', NULL, '2013-03-04 11:26:07', '2013-03-04 11:26:07'),
(139, 1, 1, '8A', 'Arris CM820A MAC:001DD08196C5', NULL, '001DD08196C5', 2, NULL, '', '', '', NULL, '2013-03-04 11:26:07', '2013-03-04 11:26:07'),
(140, 1, 1, '8A', 'Arris CM820A MAC:001DD0819679', NULL, '001DD0819679', 2, NULL, '', '', '', NULL, '2013-03-04 11:26:07', '2013-03-04 11:26:07'),
(141, 1, 1, '8A', 'Arris CM820A MAC:001DD0819EA3', NULL, '001DD0819EA3', 2, NULL, '', '', '', NULL, '2013-03-04 11:26:07', '2013-03-04 11:26:07'),
(142, 1, 1, '8A', 'Arris CM820A MAC:001DD0819F4B', NULL, '001DD0819F4B', 2, NULL, '', '', '', NULL, '2013-03-04 11:26:07', '2013-03-04 11:26:07'),
(143, 1, 1, '8A', 'Arris CM820A MAC:001DD0819745', NULL, '001DD0819745', 2, NULL, '', '', '', NULL, '2013-03-04 11:26:07', '2013-03-04 11:26:07'),
(144, 1, 1, '8A', 'Arris CM820A MAC:001DD0819CF1', NULL, '001DD0819CF1', 2, NULL, '', '', '', NULL, '2013-03-04 11:26:07', '2013-03-04 11:26:07'),
(145, 1, 1, '8A', 'Arris CM820A MAC:001DD0819D0F', NULL, '001DD0819D0F', 2, NULL, '', '', '', NULL, '2013-03-04 11:26:07', '2013-03-04 11:26:07'),
(146, 1, 1, '8A', 'Arris CM820A MAC:001DD0819EA1', NULL, '001DD0819EA1', 2, NULL, '', '', '', NULL, '2013-03-04 11:26:07', '2013-03-04 11:26:07'),
(147, 1, 1, '8A', 'Arris CM820A MAC:001DD0819E25', NULL, '001DD0819E25', 2, NULL, '', '', '', NULL, '2013-03-04 11:26:07', '2013-03-04 11:26:07'),
(148, 1, 1, '8A', 'Arris CM820A MAC:001DD0819F73', NULL, '001DD0819F73', 2, NULL, '', '', '', NULL, '2013-03-04 11:26:07', '2013-03-04 11:26:07'),
(149, 1, 1, '8A', 'Arris CM820A MAC:001DD0819F51', NULL, '001DD0819F51', 2, NULL, '', '', '', NULL, '2013-03-04 11:26:07', '2013-03-04 11:26:07'),
(150, 1, 1, '8B', 'Arris CM820A MAC:001DD0819D25', NULL, '001DD0819D25', 2, NULL, '', '', '', NULL, '2013-03-04 11:26:07', '2013-03-04 11:26:07'),
(151, 1, 1, '8B', 'Arris CM820A MAC:001DD0819D13', NULL, '001DD0819D13', 2, NULL, '', '', '', NULL, '2013-03-04 11:26:07', '2013-03-04 11:26:07'),
(152, 1, 1, '8B', 'Arris CM820A MAC:001DD0819699', NULL, '001DD0819699', 2, NULL, '', '', '', NULL, '2013-03-04 11:26:07', '2013-03-04 11:26:07'),
(153, 1, 1, '8B', 'Arris CM820A MAC:001DD0819657', NULL, '001DD0819657', 2, NULL, '', '', '', NULL, '2013-03-04 11:26:07', '2013-03-04 11:26:07'),
(154, 1, 1, '8B', 'Arris CM820A MAC:001DD08189F7', NULL, '001DD08189F7', 2, NULL, '', '', '', NULL, '2013-03-04 11:26:07', '2013-03-04 11:26:07'),
(155, 1, 1, '8B', 'Arris CM820A MAC:001DD08184CD', NULL, '001DD08184CD', 2, NULL, '', '', '', NULL, '2013-03-04 11:26:07', '2013-03-04 11:26:07'),
(156, 1, 1, '8B', 'Arris CM820A MAC:001DD0819E3B', NULL, '001DD0819E3B', 2, NULL, '', '', '', NULL, '2013-03-04 11:26:07', '2013-03-04 11:26:07'),
(157, 1, 1, '8B', 'Arris CM820A MAC:001DD0819F3D', NULL, '001DD0819F3D', 2, NULL, '', '', '', NULL, '2013-03-04 11:26:07', '2013-03-04 11:26:07'),
(158, 1, 1, '8B', 'Arris CM820A MAC:001DD08198ED', NULL, '001DD08198ED', 2, NULL, '', '', '', NULL, '2013-03-04 11:26:07', '2013-03-04 11:26:07'),
(159, 1, 1, '8B', 'Arris CM820A MAC:001DD0819E1D', NULL, '001DD0819E1D', 2, NULL, '', '', '', NULL, '2013-03-04 11:26:07', '2013-03-04 11:26:07'),
(160, 1, 1, '8B', 'Arris CM820A MAC:001DD0819847', NULL, '001DD0819847', 2, NULL, '', '', '', NULL, '2013-03-04 11:26:07', '2013-03-04 11:26:07'),
(161, 1, 1, '8B', 'Arris CM820A MAC:001DD0819EAD', NULL, '001DD0819EAD', 2, NULL, '', '', '', NULL, '2013-03-04 11:26:07', '2013-03-04 11:26:07'),
(162, 1, 1, '8B', 'Arris CM820A MAC:001DD0819ECF', NULL, '001DD0819ECF', 2, NULL, '', '', '', NULL, '2013-03-04 11:26:07', '2013-03-04 11:26:07'),
(163, 1, 1, '8B', 'Arris CM820A MAC:001DD0819E05', NULL, '001DD0819E05', 2, NULL, '', '', '', NULL, '2013-03-04 11:26:07', '2013-03-04 11:26:07'),
(164, 1, 1, '8B', 'Arris CM820A MAC:001DD0819E85', NULL, '001DD0819E85', 2, NULL, '', '', '', NULL, '2013-03-04 11:26:07', '2013-03-04 11:26:07'),
(165, 1, 1, '8B', 'Arris CM820A MAC:001DD0819E0F', NULL, '001DD0819E0F', 2, NULL, '', '', '', NULL, '2013-03-04 11:26:07', '2013-03-04 11:26:07'),
(166, 1, 1, '8B', 'Arris CM820A MAC:001DD0819943', NULL, '001DD0819943', 2, NULL, '', '', '', NULL, '2013-03-04 11:26:07', '2013-03-04 11:26:07'),
(167, 1, 1, '8B', 'Arris CM820A MAC:001DD0819EAB', NULL, '001DD0819EAB', 2, NULL, '', '', '', NULL, '2013-03-04 11:26:07', '2013-03-04 11:26:07'),
(168, 1, 1, '8B', 'Arris CM820A MAC:001DD0819F3F', NULL, '001DD0819F3F', 2, NULL, '', '', '', NULL, '2013-03-04 11:26:07', '2013-03-04 11:26:07'),
(169, 1, 1, '8B', 'Arris CM820A MAC:001DD0819F59', NULL, '001DD0819F59', 2, NULL, '', '', '', NULL, '2013-03-04 11:26:07', '2013-03-04 11:26:07'),
(170, 1, 1, '8B', 'Arris CM820A MAC:001DD081992F', NULL, '001DD081992F', 2, NULL, '', '', '', NULL, '2013-03-04 11:26:07', '2013-03-04 11:26:07'),
(171, 1, 1, '8B', 'Arris CM820A MAC:001DD08197E5', NULL, '001DD08197E5', 2, NULL, '', '', '', NULL, '2013-03-04 11:26:07', '2013-03-04 11:26:07'),
(172, 1, 1, '8B', 'Arris CM820A MAC:001DD0819515', NULL, '001DD0819515', 2, NULL, '', '', '', NULL, '2013-03-04 11:26:07', '2013-03-04 11:26:07'),
(173, 1, 1, '8B', 'Arris CM820A MAC:001DD0819E3D', NULL, '001DD0819E3D', 2, NULL, '', '', '', NULL, '2013-03-04 11:26:07', '2013-03-04 11:26:07'),
(174, 1, 1, '8B', 'Arris CM820A MAC:001DD0819F91', NULL, '001DD0819F91', 2, NULL, '', '', '', NULL, '2013-03-04 11:26:07', '2013-03-04 11:26:07'),
(175, 1, 1, '8B', 'Arris CM820A MAC:001DD0819D11', NULL, '001DD0819D11', 2, NULL, '', '', '', NULL, '2013-03-04 11:26:07', '2013-03-04 11:26:07'),
(176, 1, 1, '8B', 'Arris CM820A MAC:001DD0819F71', NULL, '001DD0819F71', 2, NULL, '', '', '', NULL, '2013-03-04 11:26:07', '2013-03-04 11:26:07'),
(177, 1, 1, '8B', 'Arris CM820A MAC:001DD0819503', NULL, '001DD0819503', 2, NULL, '', '', '', NULL, '2013-03-04 11:26:07', '2013-03-04 11:26:07'),
(178, 1, 1, '8B', 'Arris CM820A MAC:001DD0819EA9', NULL, '001DD0819EA9', 2, NULL, '', '', '', NULL, '2013-03-04 11:26:07', '2013-03-04 11:26:07'),
(179, 1, 1, '8B', 'Arris CM820A MAC:001DD0818F8B', NULL, '001DD0818F8B', 2, NULL, '', '', '', NULL, '2013-03-04 11:26:07', '2013-03-04 11:26:07'),
(180, 1, 1, '8B', 'Arris CM820A MAC:001DD0819965', NULL, '001DD0819965', 2, NULL, '', '', '', NULL, '2013-03-04 11:26:08', '2013-03-04 11:26:08'),
(181, 1, 1, '8B', 'Arris CM820A MAC:001DD0819E17', NULL, '001DD0819E17', 2, NULL, '', '', '', NULL, '2013-03-04 11:26:08', '2013-03-04 11:26:08'),
(182, 1, 1, '8B', 'Arris CM820A MAC:001DD0819DD3', NULL, '001DD0819DD3', 2, NULL, '', '', '', NULL, '2013-03-04 11:26:08', '2013-03-04 11:26:08'),
(183, 1, 1, '8B', 'Arris CM820A MAC:001DD0819F37', NULL, '001DD0819F37', 2, NULL, '', '', '', NULL, '2013-03-04 11:26:08', '2013-03-04 11:26:08'),
(184, 1, 1, '8B', 'Arris CM820A MAC:001DD0819E0B', NULL, '001DD0819E0B', 2, NULL, '', '', '', NULL, '2013-03-04 11:26:08', '2013-03-04 11:26:08'),
(185, 1, 1, '8B', 'Arris CM820A MAC:001DD0819CD3', NULL, '001DD0819CD3', 2, NULL, '', '', '', NULL, '2013-03-04 11:26:08', '2013-03-04 11:26:08'),
(186, 1, 1, '8B', 'Arris CM820A MAC:001DD0818FD1', NULL, '001DD0818FD1', 2, NULL, '', '', '', NULL, '2013-03-04 11:26:08', '2013-03-04 11:26:08'),
(187, 1, 1, '8B', 'Arris CM820A MAC:001DD0819CCB', NULL, '001DD0819CCB', 2, NULL, '', '', '', NULL, '2013-03-04 11:26:08', '2013-03-04 11:26:08'),
(188, 1, 1, '8B', 'Arris CM820A MAC:001DD0819F35', NULL, '001DD0819F35', 2, NULL, '', '', '', NULL, '2013-03-04 11:26:08', '2013-03-04 11:26:08'),
(189, 1, 1, '8B', 'Arris CM820A MAC:001DD0819F95', NULL, '001DD0819F95', 2, NULL, '', '', '', NULL, '2013-03-04 11:26:08', '2013-03-04 11:26:08'),
(190, 1, 6, '8C', 'Arris TG862 MAC:001DD117BD62', NULL, '001DD117BD62', 4, NULL, '', '', '', NULL, '2013-03-04 11:26:08', '2013-03-04 11:26:08'),
(191, 1, 6, '8C', 'Arris TG862 MAC:001DD1180EF2', NULL, '001DD1180EF2', 4, NULL, '', '', '', NULL, '2013-03-04 11:26:08', '2013-03-04 11:26:08'),
(192, 1, 1, '8C', 'Arris CM820A MAC:001DD0819EE3', NULL, '001DD0819EE3', 2, NULL, '', '', '', NULL, '2013-03-04 11:26:08', '2013-03-04 11:26:08'),
(193, 1, 1, '8C', 'Arris CM820A MAC:001DD0819F25', NULL, '001DD0819F25', 2, NULL, '', '', '', NULL, '2013-03-04 11:26:08', '2013-03-04 11:26:08'),
(194, 1, 1, '8C', 'Arris CM820A MAC:001DD0818AE5', NULL, '001DD0818AE5', 2, NULL, '', '', '', NULL, '2013-03-04 11:26:08', '2013-03-04 11:26:08'),
(195, 1, 1, '8C', 'Arris CM820A MAC:001DD0819E07', NULL, '001DD0819E07', 2, NULL, '', '', '', NULL, '2013-03-04 11:26:08', '2013-03-04 11:26:08'),
(196, 1, 1, '8C', 'Arris CM820A MAC:001DD0818F87', NULL, '001DD0818F87', 2, NULL, '', '', '', NULL, '2013-03-04 11:26:08', '2013-03-04 11:26:08'),
(197, 1, 1, '8C', 'Arris CM820A MAC:001DD0819F63', NULL, '001DD0819F63', 2, NULL, '', '', '', NULL, '2013-03-04 11:26:08', '2013-03-04 11:26:08'),
(198, 1, 1, '8C', 'Arris CM820A MAC:001DD0819987', NULL, '001DD0819987', 2, NULL, '', '', '', NULL, '2013-03-04 11:26:08', '2013-03-04 11:26:08'),
(199, 9, 14, '8C', 'Motorola SB6141 MAC:E483991CF68D', NULL, 'E483991CF68D', 2, NULL, '', '', '', NULL, '2013-03-04 11:26:08', '2013-03-04 11:26:08'),
(200, 7, 15, '1A', 'D-Link DIR-835 MAC:B8A3865FB41C', NULL, 'B8A3865FB41C', 1, NULL, '', '', '', NULL, '2013-03-04 11:26:08', '2013-03-04 11:26:08'),
(201, 7, 15, '1A', 'D-Link DIR-835 MAC:B8A3865FB3EF', NULL, 'B8A3865FB3EF', 1, NULL, '', '', '', NULL, '2013-03-04 11:26:08', '2013-03-04 11:26:08'),
(202, 7, 15, '1A', 'D-Link DIR-835 MAC:B8A3865FB74C', NULL, 'B8A3865FB74C', 1, NULL, '', '', '', NULL, '2013-03-04 11:26:08', '2013-03-04 11:26:08'),
(203, 7, 15, '1A', 'D-Link DIR-835 MAC:B8A3865FB48E', NULL, 'B8A3865FB48E', 1, NULL, '', '', '', NULL, '2013-03-04 11:26:08', '2013-03-04 11:26:08'),
(204, 7, 15, '1A', 'D-Link DIR-835 MAC:B8A3865FB66E', NULL, 'B8A3865FB66E', 1, NULL, '', '', '', NULL, '2013-03-04 11:26:08', '2013-03-04 11:26:08'),
(205, 7, 15, '1A', 'D-Link DIR-835 MAC:B8A3865FB6E9', NULL, 'B8A3865FB6E9', 1, NULL, '', '', '', NULL, '2013-03-04 11:26:08', '2013-03-04 11:26:08'),
(206, 7, 15, '1A', 'D-Link DIR-835 MAC:B8A3865FB6DA', NULL, 'B8A3865FB6DA', 1, NULL, '', '', '', NULL, '2013-03-04 11:26:08', '2013-03-04 11:26:08'),
(207, 7, 15, '1A', 'D-Link DIR-835 MAC:B8A3865FB3E9', NULL, 'B8A3865FB3E9', 1, NULL, '', '', '', NULL, '2013-03-04 11:26:08', '2013-03-04 11:26:08'),
(208, 7, 15, '1A', 'D-Link DIR-835 MAC:B8A3865FB668', NULL, 'B8A3865FB668', 1, NULL, '', '', '', NULL, '2013-03-04 11:26:08', '2013-03-04 11:26:08'),
(209, 7, 15, '1A', 'D-Link DIR-835 MAC:B8A3865FB6C2', NULL, 'B8A3865FB6C2', 1, NULL, '', '', '', NULL, '2013-03-04 11:26:08', '2013-03-04 11:26:08'),
(210, 7, 15, '1B', 'D-Link DIR-835 MAC:B8A3865FB73D', NULL, 'B8A3865FB73D', 1, NULL, '', '', '', NULL, '2013-03-04 11:26:08', '2013-03-04 11:26:08'),
(211, 7, 15, '1B', 'D-Link DIR-835 MAC:B8A3865FB068', NULL, 'B8A3865FB068', 1, NULL, '', '', '', NULL, '2013-03-04 11:26:08', '2013-03-04 11:26:08'),
(212, 7, 15, '1B', 'D-Link DIR-835 MAC:B8A3865FB275', NULL, 'B8A3865FB275', 1, NULL, '', '', '', NULL, '2013-03-04 11:26:08', '2013-03-04 11:26:08'),
(213, 7, 15, '1B', 'D-Link DIR-835 MAC:B8A3865FB71C', NULL, 'B8A3865FB71C', 1, NULL, '', '', '', NULL, '2013-03-04 11:26:08', '2013-03-04 11:26:08'),
(214, 7, 15, '1B', 'D-Link DIR-835 MAC:B8A3865FB191', NULL, 'B8A3865FB191', 1, NULL, '', '', '', NULL, '2013-03-04 11:26:08', '2013-03-04 11:26:08'),
(215, 7, 15, '1B', 'D-Link DIR-835 MAC:B8A3865FB413', NULL, 'B8A3865FB413', 1, NULL, '', '', '', NULL, '2013-03-04 11:26:08', '2013-03-04 11:26:08'),
(216, 7, 15, '1B', 'D-Link DIR-835 MAC:B8A3865FB395', NULL, 'B8A3865FB395', 1, NULL, '', '', '', NULL, '2013-03-04 11:26:08', '2013-03-04 11:26:08'),
(217, 7, 15, '1B', 'D-Link DIR-835 MAC:B8A3865FB713', NULL, 'B8A3865FB713', 1, NULL, '', '', '', NULL, '2013-03-04 11:26:08', '2013-03-04 11:26:08'),
(218, 7, 15, '1B', 'D-Link DIR-835 MAC:B8A3865FB635', NULL, 'B8A3865FB635', 1, NULL, '', '', '', NULL, '2013-03-04 11:26:08', '2013-03-04 11:26:08'),
(219, 7, 15, '1B', 'D-Link DIR-835 MAC:B8A3865FB6E3', NULL, 'B8A3865FB6E3', 1, NULL, '', '', '', NULL, '2013-03-04 11:26:08', '2013-03-04 11:26:08'),
(220, 7, 15, '1B', 'D-Link DIR-835 MAC:B8A3865FB2FF', NULL, 'B8A3865FB2FF', 1, NULL, '', '', '', NULL, '2013-03-04 11:26:08', '2013-03-04 11:26:08'),
(221, 7, 15, '1B', 'D-Link DIR-835 MAC:B8A3865FB746', NULL, 'B8A3865FB746', 1, NULL, '', '', '', NULL, '2013-03-04 11:26:08', '2013-03-04 11:26:08'),
(222, 7, 15, '1B', 'D-Link DIR-835 MAC:B8A3865FB3E6', NULL, 'B8A3865FB3E6', 1, NULL, '', '', '', NULL, '2013-03-04 11:26:08', '2013-03-04 11:26:08'),
(223, 7, 15, '1B', 'D-Link DIR-835 MAC:B8A3865FB64D', NULL, 'B8A3865FB64D', 1, NULL, '', '', '', NULL, '2013-03-04 11:26:08', '2013-03-04 11:26:08'),
(224, 7, 15, '1B', 'D-Link DIR-835 MAC:B8A3865FB44C', NULL, 'B8A3865FB44C', 1, NULL, '', '', '', NULL, '2013-03-04 11:26:08', '2013-03-04 11:26:08'),
(225, 7, 15, '1C', 'D-Link DIR-835 MAC:B8A3865FB7CA', NULL, 'B8A3865FB7CA', 1, NULL, '', '', '', NULL, '2013-03-04 11:26:08', '2013-03-04 11:26:08'),
(226, 7, 15, '1C', 'D-Link DIR-835 MAC:B8A3865FB6AA', NULL, 'B8A3865FB6AA', 1, NULL, '', '', '', NULL, '2013-03-04 11:26:08', '2013-03-04 11:26:08'),
(227, 7, 15, '1C', 'D-Link DIR-835 MAC:B8A3865FB677', NULL, 'B8A3865FB677', 1, NULL, '', '', '', NULL, '2013-03-04 11:26:08', '2013-03-04 11:26:08'),
(228, 7, 15, '1C', 'D-Link DIR-835 MAC:B8A3865FB1B5', NULL, 'B8A3865FB1B5', 1, NULL, '', '', '', NULL, '2013-03-04 11:26:08', '2013-03-04 11:26:08'),
(229, 7, 15, '1C', 'D-Link DIR-835 MAC:B8A3865FB5EA', NULL, 'B8A3865FB5EA', 1, NULL, '', '', '', NULL, '2013-03-04 11:26:08', '2013-03-04 11:26:08'),
(230, 7, 15, '1C', 'D-Link DIR-835 MAC:B8A3865FB76A', NULL, 'B8A3865FB76A', 1, NULL, '', '', '', NULL, '2013-03-04 11:26:08', '2013-03-04 11:26:08'),
(231, 7, 15, '1C', 'D-Link DIR-835 MAC:B8A3865FB7AC', NULL, 'B8A3865FB7AC', 1, NULL, '', '', '', NULL, '2013-03-04 11:26:08', '2013-03-04 11:26:08'),
(232, 7, 15, '1C', 'D-Link DIR-835 MAC:B8A3865FB78E', NULL, 'B8A3865FB78E', 1, NULL, '', '', '', NULL, '2013-03-04 11:26:08', '2013-03-04 11:26:08'),
(233, 7, 15, '1C', 'D-Link DIR-835 MAC:B8A3865FB80C', NULL, 'B8A3865FB80C', 1, NULL, '', '', '', NULL, '2013-03-04 11:26:08', '2013-03-04 11:26:08'),
(234, 7, 15, '1C', 'D-Link DIR-835 MAC:B8A3865FB629', NULL, 'B8A3865FB629', 1, NULL, '', '', '', NULL, '2013-03-04 11:26:08', '2013-03-04 11:26:08'),
(235, 7, 15, '1C', 'D-Link DIR-835 MAC:B8A3865FB61A', NULL, 'B8A3865FB61A', 1, NULL, '', '', '', NULL, '2013-03-04 11:26:08', '2013-03-04 11:26:08'),
(236, 7, 15, '1C', 'D-Link DIR-835 MAC:B8A3865FB722', NULL, 'B8A3865FB722', 1, NULL, '', '', '', NULL, '2013-03-04 11:26:08', '2013-03-04 11:26:08'),
(237, 7, 15, '1C', 'D-Link DIR-835 MAC:B8A3865FB770', NULL, 'B8A3865FB770', 1, NULL, '', '', '', NULL, '2013-03-04 11:26:08', '2013-03-04 11:26:08'),
(238, 7, 15, '1C', 'D-Link DIR-835 MAC:B8A3865FB5FC', NULL, 'B8A3865FB5FC', 1, NULL, '', '', '', NULL, '2013-03-04 11:26:08', '2013-03-04 11:26:08'),
(239, 7, 15, '1C', 'D-Link DIR-835 MAC:B8A3865FB7D3', NULL, 'B8A3865FB7D3', 1, NULL, '', '', '', NULL, '2013-03-04 11:26:08', '2013-03-04 11:26:08'),
(240, 7, 15, '2A', 'D-Link DIR-835 MAC:B8A3865FB599', NULL, 'B8A3865FB599', 1, NULL, '', '', '', NULL, '2013-03-04 11:26:08', '2013-03-04 11:26:08'),
(241, 7, 15, '2A', 'D-Link DIR-835 MAC:B8A3865FB767', NULL, 'B8A3865FB767', 1, NULL, '', '', '', NULL, '2013-03-04 11:26:08', '2013-03-04 11:26:08'),
(242, 7, 15, '2A', 'D-Link DIR-835 MAC:B8A3865FB680', NULL, 'B8A3865FB680', 1, NULL, '', '', '', NULL, '2013-03-04 11:26:08', '2013-03-04 11:26:08'),
(243, 7, 15, '2A', 'D-Link DIR-835 MAC:B8A3865FB79A', NULL, 'B8A3865FB79A', 1, NULL, '', '', '', NULL, '2013-03-04 11:26:08', '2013-03-04 11:26:08'),
(244, 7, 15, '2A', 'D-Link DIR-835 MAC:B8A3865FB3B0', NULL, 'B8A3865FB3B0', 1, NULL, '', '', '', NULL, '2013-03-04 11:26:08', '2013-03-04 11:26:08'),
(245, 7, 15, '2A', 'D-Link DIR-835 MAC:B8A3865FB6D7', NULL, 'B8A3865FB6D7', 1, NULL, '', '', '', NULL, '2013-03-04 11:26:08', '2013-03-04 11:26:08'),
(246, 7, 15, '2A', 'D-Link DIR-835 MAC:B8A3865FB6B3', NULL, 'B8A3865FB6B3', 1, NULL, '', '', '', NULL, '2013-03-04 11:26:08', '2013-03-04 11:26:08'),
(247, 7, 16, '2A', 'D-Link DIR-657 MAC:1C7EE53353C7', NULL, '1C7EE53353C7', 1, NULL, '', '', '', NULL, '2013-03-04 11:26:08', '2013-03-04 11:26:08'),
(248, 7, 17, '2A', 'D-Link DGL-4500 MAC:0018E7DCA374', NULL, '0018E7DCA374', 1, NULL, '', '', '', NULL, '2013-03-04 11:26:08', '2013-03-04 11:26:08'),
(249, 7, 15, '2A', 'D-Link DIR-835 MAC:B8A3865FB5BA', NULL, 'B8A3865FB5BA', 1, NULL, '', '', '', NULL, '2013-03-04 11:26:08', '2013-03-04 11:26:08'),
(250, 7, 15, '2A', 'D-Link DIR-835 MAC:B8A3865FB794', NULL, 'B8A3865FB794', 1, NULL, '', '', '', NULL, '2013-03-04 11:26:08', '2013-03-04 11:26:08'),
(251, 7, 15, '2A', 'D-Link DIR-835 MAC:B8A3865FB6B9', NULL, 'B8A3865FB6B9', 1, NULL, '', '', '', NULL, '2013-03-04 11:26:08', '2013-03-04 11:26:08'),
(252, 7, 15, '2A', 'D-Link DIR-835 MAC:B8A3865FB43A', NULL, 'B8A3865FB43A', 1, NULL, '', '', '', NULL, '2013-03-04 11:26:08', '2013-03-04 11:26:08'),
(253, 7, 15, '2C', 'D-Link DIR-835 MAC:B8A3865FB467', NULL, 'B8A3865FB467', 1, NULL, '', '', '', NULL, '2013-03-04 11:26:08', '2013-03-04 11:26:08'),
(254, 7, 15, '2C', 'D-Link DIR-835 MAC:B8A3865FB662', NULL, 'B8A3865FB662', 1, NULL, '', '', '', NULL, '2013-03-04 11:26:08', '2013-03-04 11:26:08'),
(255, 7, 15, '2C', 'D-Link DIR-835 MAC:B8A3865FB7F7', NULL, 'B8A3865FB7F7', 1, NULL, '', '', '', NULL, '2013-03-04 11:26:08', '2013-03-04 11:26:08'),
(256, 7, 15, '2C', 'D-Link DIR-835 MAC:B8A3865FB7A3', NULL, 'B8A3865FB7A3', 1, NULL, '', '', '', NULL, '2013-03-04 11:26:08', '2013-03-04 11:26:08'),
(257, 7, 15, '2C', 'D-Link DIR-835 MAC:B8A3865FB632', NULL, 'B8A3865FB632', 1, NULL, '', '', '', NULL, '2013-03-04 11:26:08', '2013-03-04 11:26:08'),
(258, 7, 15, '2C', 'D-Link DIR-835 MAC:B8A3865FB7CD', NULL, 'B8A3865FB7CD', 1, NULL, '', '', '', NULL, '2013-03-04 11:26:08', '2013-03-04 11:26:08'),
(259, 7, 15, '2C', 'D-Link DIR-835 MAC:B8A3865FB6FE', NULL, 'B8A3865FB6FE', 1, NULL, '', '', '', NULL, '2013-03-04 11:26:08', '2013-03-04 11:26:08'),
(260, 7, 15, '2C', 'D-Link DIR-835 MAC:B8A3865FB74F', NULL, 'B8A3865FB74F', 1, NULL, '', '', '', NULL, '2013-03-04 11:26:08', '2013-03-04 11:26:08'),
(261, 7, 15, '2C', 'D-Link DIR-835 MAC:B8A3865FB32F', NULL, 'B8A3865FB32F', 1, NULL, '', '', '', NULL, '2013-03-04 11:26:08', '2013-03-04 11:26:08'),
(262, 7, 15, '2C', 'D-Link DIR-835 MAC:B8A3865FB6B6', NULL, 'B8A3865FB6B6', 1, NULL, '', '', '', NULL, '2013-03-04 11:26:08', '2013-03-04 11:26:08'),
(263, 7, 15, '2C', 'D-Link DIR-835 MAC:B8A3865FB6CB', NULL, 'B8A3865FB6CB', 1, NULL, '', '', '', NULL, '2013-03-04 11:26:08', '2013-03-04 11:26:08'),
(264, 7, 15, '2C', 'D-Link DIR-835 MAC:B8A3865FB3C2', NULL, 'B8A3865FB3C2', 1, NULL, '', '', '', NULL, '2013-03-04 11:26:08', '2013-03-04 11:26:08'),
(265, 7, 15, '2C', 'D-Link DIR-835 MAC:B8A3865FB293', NULL, 'B8A3865FB293', 1, NULL, '', '', '', NULL, '2013-03-04 11:26:08', '2013-03-04 11:26:08'),
(266, 7, 15, '2C', 'D-Link DIR-835 MAC:B8A3865FB5FF', NULL, 'B8A3865FB5FF', 1, NULL, '', '', '', NULL, '2013-03-04 11:26:08', '2013-03-04 11:26:08'),
(267, 7, 15, '2C', 'D-Link DIR-835 MAC:B8A3865FB518', NULL, 'B8A3865FB518', 1, NULL, '', '', '', NULL, '2013-03-04 11:26:08', '2013-03-04 11:26:08'),
(268, 10, 18, '3A', 'Netgear CG3000D MAC:00223FA99268', NULL, '00223FA99268', 4, NULL, '', '', '', NULL, '2013-03-04 11:26:08', '2013-03-04 11:26:08'),
(269, 10, 18, '3A', 'Netgear CG3000D MAC:00223FA99367', NULL, '00223FA99367', 4, NULL, '', '', '', NULL, '2013-03-04 11:26:08', '2013-03-04 11:26:08'),
(270, 10, 18, '3A', 'Netgear CG3000D MAC:00223FA993E4', NULL, '00223FA993E4', 4, NULL, '', '', '', NULL, '2013-03-04 11:26:08', '2013-03-04 11:26:08'),
(271, 10, 18, '3A', 'Netgear CG3000D MAC:00223FA993F8', NULL, '00223FA993F8', 4, NULL, '', '', '', NULL, '2013-03-04 11:26:08', '2013-03-04 11:26:08'),
(272, 10, 18, '3A', 'Netgear CG3000D MAC:30469AB42686', NULL, '30469AB42686', 4, NULL, '', '', '', NULL, '2013-03-04 11:26:08', '2013-03-04 11:26:08'),
(273, 10, 18, '3A', 'Netgear CG3000D MAC:30469AB41BE8', NULL, '30469AB41BE8', 4, NULL, '', '', '', NULL, '2013-03-04 11:26:08', '2013-03-04 11:26:08'),
(274, 10, 18, '3A', 'Netgear CG3000D MAC:30469AB43619', NULL, '30469AB43619', 4, NULL, '', '', '', NULL, '2013-03-04 11:26:08', '2013-03-04 11:26:08'),
(275, 10, 18, '3A', 'Netgear CG3000D MAC:00223FA992E5', NULL, '00223FA992E5', 4, NULL, '', '', '', NULL, '2013-03-04 11:26:08', '2013-03-04 11:26:08'),
(276, 10, 18, '3C', 'Netgear CG3000D MAC:30469AB43685', NULL, '30469AB43685', 4, NULL, '', '', '', NULL, '2013-03-04 11:26:08', '2013-03-04 11:26:08'),
(277, 10, 18, '3C', 'Netgear CG3000D MAC:30469AB43612', NULL, '30469AB43612', 4, NULL, '', '', '', NULL, '2013-03-04 11:26:08', '2013-03-04 11:26:08'),
(278, 10, 18, '3C', 'Netgear CG3000D MAC:30469AB41CC7', NULL, '30469AB41CC7', 4, NULL, '', '', '', NULL, '2013-03-04 11:26:08', '2013-03-04 11:26:08'),
(279, 10, 18, '3C', 'Netgear CG3000D MAC:30469AB428B6', NULL, '30469AB428B6', 4, NULL, '', '', '', NULL, '2013-03-04 11:26:08', '2013-03-04 11:26:08'),
(280, 10, 18, '3C', 'Netgear CG3000D MAC:30469AB43351', NULL, '30469AB43351', 4, NULL, '', '', '', NULL, '2013-03-04 11:26:08', '2013-03-04 11:26:08'),
(281, 10, 18, '3C', 'Netgear CG3000D MAC:30469AB4354F', NULL, '30469AB4354F', 4, NULL, '', '', '', NULL, '2013-03-04 11:26:08', '2013-03-04 11:26:08'),
(282, 10, 18, '3C', 'Netgear CG3000D MAC:30469AB426C2', NULL, '30469AB426C2', 4, NULL, '', '', '', NULL, '2013-03-04 11:26:08', '2013-03-04 11:26:08'),
(283, 1, 19, '4A', 'Arris TM722 MAC:001DD0AFE07C', NULL, '001DD0AFE07C', 2, NULL, '', '', '', NULL, '2013-03-04 11:26:08', '2013-03-04 11:26:08'),
(284, 1, 19, '4A', 'Arris TM722 MAC:001DD0AE79C3', NULL, '001DD0AE79C3', 2, NULL, '', '', '', NULL, '2013-03-04 11:26:08', '2013-03-04 11:26:08'),
(285, 1, 19, '4A', 'Arris TM722 MAC:001DD0B00398', NULL, '001DD0B00398', 2, NULL, '', '', '', NULL, '2013-03-04 11:26:08', '2013-03-04 11:26:08'),
(286, 1, 19, '4A', 'Arris TM722 MAC:001DD0AE7948', NULL, '001DD0AE7948', 2, NULL, '', '', '', NULL, '2013-03-04 11:26:08', '2013-03-04 11:26:08'),
(287, 1, 19, '4A', 'Arris TM722 MAC:001DD0AE7912', NULL, '001DD0AE7912', 2, NULL, '', '', '', NULL, '2013-03-04 11:26:08', '2013-03-04 11:26:08'),
(288, 1, 19, '4A', 'Arris TM722 MAC:001DD0AE78D6', NULL, '001DD0AE78D6', 2, NULL, '', '', '', NULL, '2013-03-04 11:26:08', '2013-03-04 11:26:08'),
(289, 1, 19, '4A', 'Arris TM722 MAC:001DD0AED27C', NULL, '001DD0AED27C', 2, NULL, '', '', '', NULL, '2013-03-04 11:26:08', '2013-03-04 11:26:08'),
(290, 1, 19, '4A', 'Arris TM722 MAC:001DD0AE79FC', NULL, '001DD0AE79FC', 2, NULL, '', '', '', NULL, '2013-03-04 11:26:08', '2013-03-04 11:26:08'),
(291, 1, 19, '4A', 'Arris TM722 MAC:001DD0AE78B2', NULL, '001DD0AE78B2', 2, NULL, '', '', '', NULL, '2013-03-04 11:26:08', '2013-03-04 11:26:08'),
(292, 1, 19, '4A', 'Arris TM722 MAC:001DD0AE7975', NULL, '001DD0AE7975', 2, NULL, '', '', '', NULL, '2013-03-04 11:26:08', '2013-03-04 11:26:08'),
(293, 1, 19, '4A', 'Arris TM722 MAC:001DD0B0091A', NULL, '001DD0B0091A', 2, NULL, '', '', '', NULL, '2013-03-04 11:26:08', '2013-03-04 11:26:08'),
(294, 1, 19, '4A', 'Arris TM722 MAC:001DD0AE791E', NULL, '001DD0AE791E', 2, NULL, '', '', '', NULL, '2013-03-04 11:26:08', '2013-03-04 11:26:08'),
(295, 1, 19, '4A', 'Arris TM722 MAC:001DD0AEA3FF', NULL, '001DD0AEA3FF', 2, NULL, '', '', '', NULL, '2013-03-04 11:26:08', '2013-03-04 11:26:08'),
(296, 1, 19, '4A', 'Arris TM722 MAC:001DD0AEA450', NULL, '001DD0AEA450', 2, NULL, '', '', '', NULL, '2013-03-04 11:26:08', '2013-03-04 11:26:08'),
(297, 3, 5, '4B', 'Cisco DPC3008 MAC:BCC810879AFE', NULL, 'BCC810879AFE', 2, NULL, '', '', '', NULL, '2013-03-04 11:26:08', '2013-03-04 11:26:08'),
(298, 3, 5, '4B', 'Cisco DPC3008 MAC:BCC810879776', NULL, 'BCC810879776', 2, NULL, '', '', '', NULL, '2013-03-04 11:26:08', '2013-03-04 11:26:08'),
(299, 3, 5, '4B', 'Cisco DPC3008 MAC:BCC8108797E8', NULL, 'BCC8108797E8', 2, NULL, '', '', '', NULL, '2013-03-04 11:26:08', '2013-03-04 11:26:08'),
(300, 3, 5, '4B', 'Cisco DPC3008 MAC:BCC810879AFC', NULL, 'BCC810879AFC', 2, NULL, '', '', '', NULL, '2013-03-04 11:26:08', '2013-03-04 11:26:08'),
(301, 3, 5, '4B', 'Cisco DPC3008 MAC:BCC8108797EE', NULL, 'BCC8108797EE', 2, NULL, '', '', '', NULL, '2013-03-04 11:26:08', '2013-03-04 11:26:08'),
(302, 3, 5, '4B', 'Cisco DPC3008 MAC:BCC810879AF4', NULL, 'BCC810879AF4', 2, NULL, '', '', '', NULL, '2013-03-04 11:26:08', '2013-03-04 11:26:08'),
(303, 3, 5, '4B', 'Cisco DPC3008 MAC:BCC810879AFA', NULL, 'BCC810879AFA', 2, NULL, '', '', '', NULL, '2013-03-04 11:26:08', '2013-03-04 11:26:08'),
(304, 3, 5, '4B', 'Cisco DPC3008 MAC:BCC8108797B4', NULL, 'BCC8108797B4', 2, NULL, '', '', '', NULL, '2013-03-04 11:26:08', '2013-03-04 11:26:08'),
(305, 3, 5, '4B', 'Cisco DPC3008 MAC:BCC810878E8C', NULL, 'BCC810878E8C', 2, NULL, '', '', '', NULL, '2013-03-04 11:26:08', '2013-03-04 11:26:08'),
(306, 3, 5, '4B', 'Cisco DPC3008 MAC:BCC810879650', NULL, 'BCC810879650', 2, NULL, '', '', '', NULL, '2013-03-04 11:26:08', '2013-03-04 11:26:08'),
(307, 3, 5, '4B', 'Cisco DPC3008 MAC:BCC810879764', NULL, 'BCC810879764', 2, NULL, '', '', '', NULL, '2013-03-04 11:26:08', '2013-03-04 11:26:08'),
(308, 3, 5, '4B', 'Cisco DPC3008 MAC:BCC8108797AA', NULL, 'BCC8108797AA', 2, NULL, '', '', '', NULL, '2013-03-04 11:26:08', '2013-03-04 11:26:08'),
(309, 3, 5, '4B', 'Cisco DPC3008 MAC:BCC8108797AE', NULL, 'BCC8108797AE', 2, NULL, '', '', '', NULL, '2013-03-04 11:26:08', '2013-03-04 11:26:08'),
(310, 3, 5, '4B', 'Cisco DPC3008 MAC:BCC810879AD2', NULL, 'BCC810879AD2', 2, NULL, '', '', '', NULL, '2013-03-04 11:26:08', '2013-03-04 11:26:08'),
(311, 3, 5, '4B', 'Cisco DPC3008 MAC:BCC810879AD8', NULL, 'BCC810879AD8', 2, NULL, '', '', '', NULL, '2013-03-04 11:26:08', '2013-03-04 11:26:08'),
(312, 3, 5, '4B', 'Cisco DPC3008 MAC:BCC810879ADE', NULL, 'BCC810879ADE', 2, NULL, '', '', '', NULL, '2013-03-04 11:26:08', '2013-03-04 11:26:08'),
(313, 3, 5, '4B', 'Cisco DPC3008 MAC:BCC810879AE2', NULL, 'BCC810879AE2', 2, NULL, '', '', '', NULL, '2013-03-04 11:26:08', '2013-03-04 11:26:08'),
(314, 3, 5, '4B', 'Cisco DPC3008 MAC:BCC810879AE6', NULL, 'BCC810879AE6', 2, NULL, '', '', '', NULL, '2013-03-04 11:26:08', '2013-03-04 11:26:08'),
(315, 10, 20, '11A', 'Netgear WNDR3700-100NAS MAC:A021B79F2FD3', NULL, 'A021B79F2FD3', 1, NULL, '', '', '', NULL, '2013-03-04 11:26:08', '2013-03-04 11:26:08'),
(316, 10, 20, '11A', 'Netgear WNDR3700-100NAS MAC:A021B79F3162', NULL, 'A021B79F3162', 1, NULL, '', '', '', NULL, '2013-03-04 11:26:08', '2013-03-04 11:26:08'),
(317, 10, 21, '11A', 'Netgear WNDR3300-100NAS MAC:00223F171F12', NULL, '00223F171F12', 1, NULL, '', '', '', NULL, '2013-03-04 11:26:08', '2013-03-04 11:26:08'),
(318, 10, 22, '11A', 'Netgear WNR3500-100NAS MAC:001F33D2FA44', NULL, '001F33D2FA44', 1, NULL, '', '', '', NULL, '2013-03-04 11:26:08', '2013-03-04 11:26:08'),
(319, 10, 23, '11A', 'Netgear WHDE111-100NAS MAC:00223F069182', NULL, '00223F069182', 5, NULL, '', '', '', NULL, '2013-03-04 11:26:08', '2013-03-04 11:26:08'),
(320, 10, 23, '11A', 'Netgear WHDE111-100NAS MAC:00223F06916B', NULL, '00223F06916B', 5, NULL, '', '', '', NULL, '2013-03-04 11:26:08', '2013-03-04 11:26:08'),
(321, 10, 23, '11A', 'Netgear WHDE111-100NAS MAC:00223F06916E', NULL, '00223F06916E', 5, NULL, '', '', '', NULL, '2013-03-04 11:26:08', '2013-03-04 11:26:08'),
(322, 10, 24, '11A', 'Netgear WNR3500-2VCNAS MAC:0026F201564E', NULL, '0026F201564E', 1, NULL, '', '', '', NULL, '2013-03-04 11:26:08', '2013-03-04 11:26:08'),
(323, 10, 25, '11A', 'Netgear WGT624NA MAC:001E2A6A22A8', NULL, '001E2A6A22A8', 1, NULL, '', '', '', NULL, '2013-03-04 11:26:08', '2013-03-04 11:26:08'),
(324, 10, 12, '11A', 'Netgear WNR2000-100NAS MAC:A021B7B1FA37', NULL, 'A021B7B1FA37', 1, NULL, '', '', '', NULL, '2013-03-04 11:26:08', '2013-03-04 11:26:08'),
(325, 10, 24, '11B', 'Netgear WNR3500-2VCNAS MAC:0026F20168F0', NULL, '0026F20168F0', 1, NULL, '', '', '', NULL, '2013-03-04 11:26:08', '2013-03-04 11:26:08'),
(326, 10, 24, '11B', 'Netgear WNR3500-2VCNAS MAC:0026F20167E8', NULL, '0026F20167E8', 1, NULL, '', '', '', NULL, '2013-03-04 11:26:08', '2013-03-04 11:26:08'),
(327, 10, 24, '11B', 'Netgear WNR3500-2VCNAS MAC:0026F20168E0', NULL, '0026F20168E0', 1, NULL, '', '', '', NULL, '2013-03-04 11:26:08', '2013-03-04 11:26:08'),
(328, 10, 24, '11B', 'Netgear WNR3500-2VCNAS MAC:0026F201697A', NULL, '0026F201697A', 1, NULL, '', '', '', NULL, '2013-03-04 11:26:08', '2013-03-04 11:26:08'),
(329, 10, 24, '11B', 'Netgear WNR3500-2VCNAS MAC:0026F20168EE', NULL, '0026F20168EE', 1, NULL, '', '', '', NULL, '2013-03-04 11:26:08', '2013-03-04 11:26:08'),
(330, 10, 24, '11B', 'Netgear WNR3500-2VCNAS MAC:0026F2016C02', NULL, '0026F2016C02', 1, NULL, '', '', '', NULL, '2013-03-04 11:26:08', '2013-03-04 11:26:08'),
(331, 10, 24, '11B', 'Netgear WNR3500-2VCNAS MAC:0026F20168FA', NULL, '0026F20168FA', 1, NULL, '', '', '', NULL, '2013-03-04 11:26:08', '2013-03-04 11:26:08'),
(332, 10, 24, '11B', 'Netgear WNR3500-2VCNAS MAC:0026F20168BE', NULL, '0026F20168BE', 1, NULL, '', '', '', NULL, '2013-03-04 11:26:08', '2013-03-04 11:26:08'),
(333, 10, 24, '11B', 'Netgear WNR3500-2VCNAS MAC:0026F2016BFE', NULL, '0026F2016BFE', 1, NULL, '', '', '', NULL, '2013-03-04 11:26:08', '2013-03-04 11:26:08'),
(334, 10, 24, '11B', 'Netgear WNR3500-2VCNAS MAC:0026F2016BAE', NULL, '0026F2016BAE', 1, NULL, '', '', '', NULL, '2013-03-04 11:26:08', '2013-03-04 11:26:08'),
(335, 10, 24, '11B', 'Netgear WNR3500-2VCNAS MAC:0026F201693A', NULL, '0026F201693A', 1, NULL, '', '', '', NULL, '2013-03-04 11:26:08', '2013-03-04 11:26:08');
INSERT INTO `products` (`id`, `category_id`, `subcategory_id`, `location`, `name`, `sku`, `mac`, `type_id`, `description`, `cpu`, `ram`, `os`, `cost`, `created`, `updated`) VALUES
(336, 10, 24, '11B', 'Netgear WNR3500-2VCNAS MAC:0026F2016868', NULL, '0026F2016868', 1, NULL, '', '', '', NULL, '2013-03-04 11:26:08', '2013-03-04 11:26:08'),
(337, 10, 24, '11B', 'Netgear WNR3500-2VCNAS MAC:0026F2016974', NULL, '0026F2016974', 1, NULL, '', '', '', NULL, '2013-03-04 11:26:08', '2013-03-04 11:26:08'),
(338, 10, 24, '11B', 'Netgear WNR3500-2VCNAS MAC:0026F20159EE', NULL, '0026F20159EE', 1, NULL, '', '', '', NULL, '2013-03-04 11:26:08', '2013-03-04 11:26:08'),
(339, 10, 24, '11B', 'Netgear WNR3500-2VCNAS MAC:0026F20168DE', NULL, '0026F20168DE', 1, NULL, '', '', '', NULL, '2013-03-04 11:26:08', '2013-03-04 11:26:08'),
(340, 10, 24, '11B', 'Netgear WNR3500-2VCNAS MAC:0026F20168F6', NULL, '0026F20168F6', 1, NULL, '', '', '', NULL, '2013-03-04 11:26:08', '2013-03-04 11:26:08'),
(341, 10, 20, '11C', 'Netgear WNDR3700-100NAS MAC:993992', NULL, '993992', 1, NULL, '', '', '', NULL, '2013-03-04 11:26:08', '2013-03-04 11:26:08'),
(342, 10, 20, '11C', 'Netgear WNDR3700-100NAS MAC:955013', NULL, '955013', 1, NULL, '', '', '', NULL, '2013-03-04 11:26:08', '2013-03-04 11:26:08'),
(343, 10, 20, '11C', 'Netgear WNDR3700-100NAS MAC:955023', NULL, '955023', 1, NULL, '', '', '', NULL, '2013-03-04 11:26:08', '2013-03-04 11:26:08'),
(344, 10, 20, '11C', 'Netgear WNDR3700-100NAS MAC:955001', NULL, '955001', 1, NULL, '', '', '', NULL, '2013-03-04 11:26:08', '2013-03-04 11:26:08'),
(345, 10, 20, '11C', 'Netgear WNDR3700-100NAS MAC:993996', NULL, '993996', 1, NULL, '', '', '', NULL, '2013-03-04 11:26:08', '2013-03-04 11:26:08'),
(346, 10, 20, '11C', 'Netgear WNDR3700-100NAS MAC:955017', NULL, '955017', 1, NULL, '', '', '', NULL, '2013-03-04 11:26:08', '2013-03-04 11:26:08'),
(347, 10, 20, '11C', 'Netgear WNDR3700-100NAS MAC:955028', NULL, '955028', 1, NULL, '', '', '', NULL, '2013-03-04 11:26:08', '2013-03-04 11:26:08'),
(348, 10, 20, '11C', 'Netgear WNDR3700-100NAS MAC:993391', NULL, '993391', 1, NULL, '', '', '', NULL, '2013-03-04 11:26:08', '2013-03-04 11:26:08'),
(349, 10, 20, '11C', 'Netgear WNDR3700-100NAS MAC:993966', NULL, '993966', 1, NULL, '', '', '', NULL, '2013-03-04 11:26:08', '2013-03-04 11:26:08'),
(350, 10, 20, '11C', 'Netgear WNDR3700-100NAS MAC:993392', NULL, '993392', 1, NULL, '', '', '', NULL, '2013-03-04 11:26:08', '2013-03-04 11:26:08'),
(351, 10, 20, '11C', 'Netgear WNDR3700-100NAS MAC:955016', NULL, '955016', 1, NULL, '', '', '', NULL, '2013-03-04 11:26:08', '2013-03-04 11:26:08'),
(352, 10, 20, '11C', 'Netgear WNDR3700-100NAS MAC:955003', NULL, '955003', 1, NULL, '', '', '', NULL, '2013-03-04 11:26:08', '2013-03-04 11:26:08'),
(353, 10, 20, '11C', 'Netgear WNDR3700-100NAS MAC:993961', NULL, '993961', 1, NULL, '', '', '', NULL, '2013-03-04 11:26:08', '2013-03-04 11:26:08'),
(354, 10, 20, '11C', 'Netgear WNDR3700-100NAS MAC:4C60DE412867', NULL, '4C60DE412867', 1, NULL, '', '', '', NULL, '2013-03-04 11:26:08', '2013-03-04 11:26:08'),
(355, 10, 26, '12B', 'Netgear CG3000DCR MAC:0026F23985BF', NULL, '0026F23985BF', 1, NULL, '', '', '', NULL, '2013-03-04 11:26:08', '2013-03-04 11:26:08'),
(356, 10, 26, '12B', 'Netgear CG3000DCR MAC:0026F23985C4', NULL, '0026F23985C4', 1, NULL, '', '', '', NULL, '2013-03-04 11:26:08', '2013-03-04 11:26:08'),
(357, 12, 27, '12B', 'SMC SMCD3G-CCR MAC:1502300001N0', NULL, '1502300001N0', 4, NULL, '', '', '', NULL, '2013-03-04 11:26:08', '2013-03-04 11:26:08'),
(358, 13, 28, '12B', 'BelAir BELAIR20E-11 MAC:000D671FD9CE', NULL, '000D671FD9CE', 1, NULL, '', '', '', NULL, '2013-03-04 11:26:08', '2013-03-04 11:26:08'),
(359, 7, 29, '12B', 'D-Link DIR-825 MAC:002191EE001C', NULL, '002191EE001C', 1, NULL, '', '', '', NULL, '2013-03-04 11:26:08', '2013-03-04 11:26:08'),
(360, 7, 11, '12B', 'D-Link DIR-655 MAC:5CD9985F635B', NULL, '5CD9985F635B', 1, NULL, '', '', '', NULL, '2013-03-04 11:26:08', '2013-03-04 11:26:08'),
(361, 7, 10, '12B', 'D-Link DIR-615 MAC:0018E7E506B1', NULL, '0018E7E506B1', 1, NULL, '', '', '', NULL, '2013-03-04 11:26:08', '2013-03-04 11:26:08'),
(362, 7, 10, '12B', 'D-Link DIR-615 MAC:0018E7E501A1', NULL, '0018E7E501A1', 1, NULL, '', '', '', NULL, '2013-03-04 11:26:08', '2013-03-04 11:26:08'),
(363, 7, 10, '12B', 'D-Link DIR-615 MAC:0018E7E507F5', NULL, '0018E7E507F5', 1, NULL, '', '', '', NULL, '2013-03-04 11:26:08', '2013-03-04 11:26:08'),
(364, 7, 10, '12B', 'D-Link DIR-615 MAC:0018E7E5044B', NULL, '0018E7E5044B', 1, NULL, '', '', '', NULL, '2013-03-04 11:26:08', '2013-03-04 11:26:08'),
(365, 7, 10, '12B', 'D-Link DIR-615 MAC:0018E7E50467', NULL, '0018E7E50467', 1, NULL, '', '', '', NULL, '2013-03-04 11:26:08', '2013-03-04 11:26:08'),
(366, 7, 29, '12A', 'D-Link DIR-825 MAC:0018E7DC0286', NULL, '0018E7DC0286', 1, NULL, '', '', '', NULL, '2013-03-04 11:26:08', '2013-03-04 11:26:08'),
(367, 7, 11, '12A', 'D-Link DIR-655 MAC:5CD9985F62E3', NULL, '5CD9985F62E3', 1, NULL, '', '', '', NULL, '2013-03-04 11:26:08', '2013-03-04 11:26:08'),
(368, 10, 24, '12A', 'Netgear WNR3500-2VCNAS MAC:0026F2016932', NULL, '0026F2016932', 1, NULL, '', '', '', NULL, '2013-03-04 11:26:08', '2013-03-04 11:26:08'),
(369, 14, 30, '12A', 'Linksys WRT310N MAC:00226B76285D', NULL, '00226B76285D', 1, NULL, '', '', '', NULL, '2013-03-04 11:26:08', '2013-03-04 11:26:08'),
(370, 14, 30, '12A', 'Linksys WRT310N MAC:00226B671591', NULL, '00226B671591', 1, NULL, '', '', '', NULL, '2013-03-04 11:26:08', '2013-03-04 11:26:08'),
(371, 9, 31, '12A', 'Motorola SBG6580 MAC:1C1448AEF843', NULL, '1C1448AEF843', 2, NULL, '', '', '', NULL, '2013-03-04 11:26:08', '2013-03-04 11:26:08'),
(372, 9, 32, '12A', 'Motorola SBG6581 MAC:707E43505448', NULL, '707E43505448', 2, NULL, '', '', '', NULL, '2013-03-04 11:26:08', '2013-03-04 11:26:08'),
(373, 10, 33, '12A', 'Netgear WNR834B-100NAS MAC:001E2A755574', NULL, '001E2A755574', 1, NULL, '', '', '', NULL, '2013-03-04 11:26:08', '2013-03-04 11:26:08'),
(374, 10, 34, '12A', 'Netgear WPN824NA MAC:00223F0D2894', NULL, '00223F0D2894', 1, NULL, '', '', '', NULL, '2013-03-04 11:26:08', '2013-03-04 11:26:08'),
(375, 10, 33, '12A', 'Netgear WNR834B-100NAS MAC:001E2A74F72E', NULL, '001E2A74F72E', 1, NULL, '', '', '', NULL, '2013-03-04 11:26:08', '2013-03-04 11:26:08'),
(376, 14, 35, '12A', 'Linksys WRT110 MAC:001EE5F0B955', NULL, '001EE5F0B955', 1, NULL, '', '', '', NULL, '2013-03-04 11:26:08', '2013-03-04 11:26:08'),
(377, 14, 36, '12A', 'Linksys WRT54GS MAC:001D7EFE3356', NULL, '001D7EFE3356', 1, NULL, '', '', '', NULL, '2013-03-04 11:26:08', '2013-03-04 11:26:08'),
(378, 10, 22, '12C', 'Netgear WNR3500-100NAS MAC:0026F25DBEA8', NULL, '0026F25DBEA8', 1, NULL, '', '', '', NULL, '2013-03-04 11:26:08', '2013-03-04 11:26:08'),
(379, 10, 37, '12C', 'Netgear WNR3500L-100NAS MAC:C43DC7538666', NULL, 'C43DC7538666', 1, NULL, '', '', '', NULL, '2013-03-04 11:26:08', '2013-03-04 11:26:08'),
(380, 10, 22, '12C', 'Netgear WNR3500-100NAS MAC:0026F25DB86C', NULL, '0026F25DB86C', 1, NULL, '', '', '', NULL, '2013-03-04 11:26:08', '2013-03-04 11:26:08'),
(381, 10, 37, '12C', 'Netgear WNR3500L-100NAS MAC:2435127X0078A', NULL, '2435127X0078A', 1, NULL, '', '', '', NULL, '2013-03-04 11:26:08', '2013-03-04 11:26:08'),
(382, 10, 37, '12C', 'Netgear WNR3500L-100NAS MAC:C43DC75368B0', NULL, 'C43DC75368B0', 1, NULL, '', '', '', NULL, '2013-03-04 11:26:08', '2013-03-04 11:26:08'),
(383, 11, 39, 'none', 'Apple MacBook AIR MAC:none', NULL, 'none', 5, '', '', '', '', NULL, '2013-03-20 10:48:09', '2013-03-20 10:48:09'),
(384, 11, 39, 'none', 'Apple MacBook AIR MAC:none', NULL, 'none', 5, 'none', '', '', '', NULL, '2013-03-20 10:48:31', '2013-03-20 10:48:31');

-- --------------------------------------------------------

--
-- Table structure for table `products_tags`
--

CREATE TABLE IF NOT EXISTS `products_tags` (
  `id` int(11) unsigned NOT NULL AUTO_INCREMENT,
  `product_id` int(11) DEFAULT NULL,
  `tag_id` int(11) DEFAULT NULL,
  `created` datetime NOT NULL,
  `updated` datetime NOT NULL,
  PRIMARY KEY (`id`)
) ENGINE=InnoDB DEFAULT CHARSET=latin1 AUTO_INCREMENT=1 ;

-- --------------------------------------------------------

--
-- Table structure for table `subcategories`
--

CREATE TABLE IF NOT EXISTS `subcategories` (
  `id` int(10) unsigned NOT NULL AUTO_INCREMENT,
  `category_id` int(10) unsigned DEFAULT NULL,
  `name` varchar(60) DEFAULT NULL,
  PRIMARY KEY (`id`)
) ENGINE=InnoDB  DEFAULT CHARSET=latin1 AUTO_INCREMENT=48 ;

--
-- Dumping data for table `subcategories`
--

INSERT INTO `subcategories` (`id`, `category_id`, `name`) VALUES
(1, 1, 'CM820A'),
(3, 1, 'TG822'),
(4, 3, 'DPC2100R2'),
(5, 3, 'DPC3008'),
(6, 1, 'TG862'),
(7, 1, 'TG852'),
(8, 7, 'DCM202'),
(9, 7, 'DCM301'),
(10, 7, 'DIR-615'),
(11, 7, 'DIR-655'),
(12, 10, 'WNR2000-100NAS'),
(13, 10, 'R6300'),
(14, 9, 'SB6141'),
(15, 7, 'DIR-835'),
(16, 7, 'DIR-657'),
(17, 7, 'DGL-4500'),
(18, 10, 'CG3000D'),
(19, 1, 'TM722'),
(20, 10, 'WNDR3700-100NAS'),
(21, 10, 'WNDR3300-100NAS'),
(22, 10, 'WNR3500-100NAS'),
(23, 10, 'WHDE111-100NAS'),
(24, 10, 'WNR3500-2VCNAS'),
(25, 10, 'WGT624NA'),
(26, 10, 'CG3000DCR'),
(27, 12, 'SMCD3G-CCR'),
(28, 13, 'BELAIR20E-11'),
(29, 7, 'DIR-825'),
(30, 14, 'WRT310N'),
(31, 9, 'SBG6580'),
(32, 9, 'SBG6581'),
(33, 10, 'WNR834B-100NAS'),
(34, 10, 'WPN824NA'),
(35, 14, 'WRT110'),
(36, 14, 'WRT54GS'),
(37, 10, 'WNR3500L-100NAS'),
(38, 11, 'MacBook Pro'),
(39, 11, 'MacBook AIR'),
(40, 8, 'Latitude E6520'),
(41, 8, 'Latitude E6420'),
(42, 8, 'Latitude C400'),
(43, 8, 'Latitude D600'),
(44, 8, 'Latitude D620'),
(45, 8, 'Latitude 810'),
(46, 8, 'Latitude E6400'),
(47, 8, 'Latitude E6410');

-- --------------------------------------------------------

--
-- Table structure for table `tags`
--

CREATE TABLE IF NOT EXISTS `tags` (
  `id` int(11) unsigned NOT NULL AUTO_INCREMENT,
  `name` varchar(100) NOT NULL,
  `description` text,
  `created` datetime NOT NULL,
  `updated` datetime NOT NULL,
  PRIMARY KEY (`id`)
) ENGINE=InnoDB  DEFAULT CHARSET=latin1 AUTO_INCREMENT=2 ;

--
-- Dumping data for table `tags`
--

INSERT INTO `tags` (`id`, `name`, `description`, `created`, `updated`) VALUES
(1, 'Passed IPv6', '', '2013-02-20 13:32:53', '2013-02-20 13:32:53');

-- --------------------------------------------------------

--
-- Table structure for table `types`
--

CREATE TABLE IF NOT EXISTS `types` (
  `id` int(10) unsigned NOT NULL AUTO_INCREMENT,
  `name` varchar(100) DEFAULT NULL,
  PRIMARY KEY (`id`)
) ENGINE=InnoDB  DEFAULT CHARSET=latin1 AUTO_INCREMENT=6 ;

--
-- Dumping data for table `types`
--

INSERT INTO `types` (`id`, `name`) VALUES
(1, 'Router'),
(2, 'Modem'),
(3, 'Laptop'),
(4, 'Gateway'),
(5, 'AP');

-- --------------------------------------------------------

--
-- Table structure for table `users`
--

CREATE TABLE IF NOT EXISTS `users` (
  `id` int(11) NOT NULL AUTO_INCREMENT,
  `user_group_id` int(11) unsigned DEFAULT NULL,
  `username` varchar(100) DEFAULT NULL,
  `password` varchar(255) DEFAULT NULL,
  `email` varchar(100) DEFAULT NULL,
  `name` varchar(100) DEFAULT NULL,
  `active` varchar(3) DEFAULT '0',
  `created` datetime DEFAULT NULL,
  `modified` datetime DEFAULT NULL,
  PRIMARY KEY (`id`),
  KEY `user` (`username`),
  KEY `mail` (`email`),
  KEY `users_FKIndex1` (`user_group_id`)
) ENGINE=InnoDB  DEFAULT CHARSET=latin1 AUTO_INCREMENT=4 ;

--
-- Dumping data for table `users`
--

INSERT INTO `users` (`id`, `user_group_id`, `username`, `password`, `email`, `name`, `active`, `created`, `modified`) VALUES
(1, 1, 'admin', 'e10adc3949ba59abbe56e057f20f883e', 'admin@admin.com', 'Admin', '1', '2013-02-05 10:04:34', '2013-02-05 10:04:34'),
(2, 1, 'admin2', 'e10adc3949ba59abbe56e057f20f883e', 'zachary_gosling@cable.comcast.com', 'zach', '1', '2013-02-19 13:27:29', '2013-02-19 14:14:11'),
(3, 1, 'Adam', 'e10adc3949ba59abbe56e057f20f883e', 'na@na.na', 'Adam', '1', '2013-03-14 16:19:31', '2013-03-14 16:19:31');

-- --------------------------------------------------------

--
-- Table structure for table `user_groups`
--

CREATE TABLE IF NOT EXISTS `user_groups` (
  `id` int(11) NOT NULL AUTO_INCREMENT,
  `name` varchar(100) DEFAULT NULL,
  `alias_name` varchar(100) DEFAULT NULL,
  `allowRegistration` int(1) NOT NULL DEFAULT '1',
  `created` datetime DEFAULT NULL,
  `modified` datetime DEFAULT NULL,
  PRIMARY KEY (`id`)
) ENGINE=InnoDB  DEFAULT CHARSET=latin1 AUTO_INCREMENT=4 ;

--
-- Dumping data for table `user_groups`
--

INSERT INTO `user_groups` (`id`, `name`, `alias_name`, `allowRegistration`, `created`, `modified`) VALUES
(1, 'Admin', 'Admin', 0, '2013-02-05 10:04:34', '2013-02-05 10:04:34'),
(2, 'User', 'User', 1, '2013-02-05 10:04:34', '2013-02-05 10:04:34'),
(3, 'Guest', 'Guest', 0, '2013-02-05 10:04:34', '2013-02-05 10:04:34');

-- --------------------------------------------------------

--
-- Table structure for table `user_group_permissions`
--

CREATE TABLE IF NOT EXISTS `user_group_permissions` (
  `id` int(10) unsigned NOT NULL AUTO_INCREMENT,
  `user_group_id` int(10) unsigned NOT NULL,
  `controller` varchar(50) CHARACTER SET latin1 COLLATE latin1_general_ci NOT NULL,
  `action` varchar(100) CHARACTER SET latin1 COLLATE latin1_general_ci NOT NULL,
  `allowed` tinyint(1) unsigned NOT NULL DEFAULT '1',
  PRIMARY KEY (`id`)
) ENGINE=InnoDB  DEFAULT CHARSET=latin1 AUTO_INCREMENT=70 ;

--
-- Dumping data for table `user_group_permissions`
--

INSERT INTO `user_group_permissions` (`id`, `user_group_id`, `controller`, `action`, `allowed`) VALUES
(1, 1, 'Pages', 'display', 1),
(2, 2, 'Pages', 'display', 1),
(3, 3, 'Pages', 'display', 1),
(4, 1, 'UserGroupPermissions', 'index', 1),
(5, 2, 'UserGroupPermissions', 'index', 0),
(6, 3, 'UserGroupPermissions', 'index', 0),
(7, 1, 'UserGroupPermissions', 'update', 1),
(8, 2, 'UserGroupPermissions', 'update', 0),
(9, 3, 'UserGroupPermissions', 'update', 0),
(10, 1, 'UserGroups', 'index', 1),
(11, 2, 'UserGroups', 'index', 0),
(12, 3, 'UserGroups', 'index', 0),
(13, 1, 'UserGroups', 'addGroup', 1),
(14, 2, 'UserGroups', 'addGroup', 0),
(15, 3, 'UserGroups', 'addGroup', 0),
(16, 1, 'UserGroups', 'editGroup', 1),
(17, 2, 'UserGroups', 'editGroup', 0),
(18, 3, 'UserGroups', 'editGroup', 0),
(19, 1, 'UserGroups', 'deleteGroup', 1),
(20, 2, 'UserGroups', 'deleteGroup', 0),
(21, 3, 'UserGroups', 'deleteGroup', 0),
(22, 1, 'Users', 'index', 1),
(23, 2, 'Users', 'index', 0),
(24, 3, 'Users', 'index', 0),
(25, 1, 'Users', 'viewUser', 1),
(26, 2, 'Users', 'viewUser', 0),
(27, 3, 'Users', 'viewUser', 0),
(28, 1, 'Users', 'myprofile', 1),
(29, 2, 'Users', 'myprofile', 1),
(30, 3, 'Users', 'myprofile', 0),
(31, 1, 'Users', 'login', 1),
(32, 2, 'Users', 'login', 1),
(33, 3, 'Users', 'login', 1),
(34, 1, 'Users', 'logout', 1),
(35, 2, 'Users', 'logout', 1),
(36, 3, 'Users', 'logout', 1),
(37, 1, 'Users', 'register', 1),
(38, 2, 'Users', 'register', 1),
(39, 3, 'Users', 'register', 1),
(40, 1, 'Users', 'changePassword', 1),
(41, 2, 'Users', 'changePassword', 1),
(42, 3, 'Users', 'changePassword', 0),
(43, 1, 'Users', 'changeUserPassword', 1),
(44, 2, 'Users', 'changeUserPassword', 0),
(45, 3, 'Users', 'changeUserPassword', 0),
(46, 1, 'Users', 'addUser', 1),
(47, 2, 'Users', 'addUser', 0),
(48, 3, 'Users', 'addUser', 0),
(49, 1, 'Users', 'editUser', 1),
(50, 2, 'Users', 'editUser', 0),
(51, 3, 'Users', 'editUser', 0),
(52, 1, 'Users', 'dashboard', 1),
(53, 2, 'Users', 'dashboard', 1),
(54, 3, 'Users', 'dashboard', 0),
(55, 1, 'Users', 'deleteUser', 1),
(56, 2, 'Users', 'deleteUser', 0),
(57, 3, 'Users', 'deleteUser', 0),
(58, 1, 'Users', 'makeActive', 1),
(59, 2, 'Users', 'makeActive', 0),
(60, 3, 'Users', 'makeActive', 0),
(61, 1, 'Users', 'accessDenied', 1),
(62, 2, 'Users', 'accessDenied', 1),
(63, 3, 'Users', 'accessDenied', 1),
(64, 1, 'Users', 'userVerification', 1),
(65, 2, 'Users', 'userVerification', 1),
(66, 3, 'Users', 'userVerification', 1),
(67, 1, 'Users', 'forgotPassword', 1),
(68, 2, 'Users', 'forgotPassword', 1),
(69, 3, 'Users', 'forgotPassword', 1);

/*!40101 SET CHARACTER_SET_CLIENT=@OLD_CHARACTER_SET_CLIENT */;
/*!40101 SET CHARACTER_SET_RESULTS=@OLD_CHARACTER_SET_RESULTS */;
/*!40101 SET COLLATION_CONNECTION=@OLD_COLLATION_CONNECTION */;
